book_id,book_title,comment_id,content
36331621,格外的活法,4417111739,吉井忍的作品阅读体验总是极佳。无论是东京本屋，还是东京八平米，再到这部作品，都透露着在这个充满不确定性的世界中，人们生活的方式和意义：与这个世界产生联系。
36331621,格外的活法,4414009897,是更细节的《完美的日子》，是更现实的《重启人生》，那些日影日剧式的人生就在书里面被真实记录，提供一种主流之外的“格外”叙事。
36331621,格外的活法,4416756468,像冬日的暖阳，读着读着暖意遍布全身。读到“标准规格之外”的生活方式，在今天是一种尤其可贵的自我提醒：原来这样也是可以的。
36331621,格外的活法,4415722713,从东京八平米开始关注吉井忍，因为喜欢东京八平米，又把便当系列和东京本屋找来读了一遍，喜欢吉井忍平实细致的文字，还有带点幽默的生活态度。终于等到新书了~从收到多抓鱼推送便立即下单，两天后就收到了，算是意外的新年礼物~首发印章很可爱，书的内容充满了温柔朴素的观察，配图也很用心，装帧精美维持着一贯水平，超级喜欢！！
36331621,格外的活法,4418954922,吉井忍的写作总让人燃气一种想要好好认真生活的冲动（猫猫流泪
36331621,格外的活法,4414026371,匆匆读完，没有东京八平米好。发现：人还是要知道自己喜欢什么，需要什么，然后义无反顾地跟随自己的心。但是，绝大多数人很难不受周围环境影响和评价，一方面想满足社会期待，一方面又有自己想要的生活（但不是很清晰），所以，摇摆中，随波逐流糊里糊涂过了一生……
36331621,格外的活法,4413947056,原本是副词的“格外”用作书名，其实是“格+外”的意思。吉井忍一路追寻十二个不走寻常路的人的生活片段，将其连缀成书，其中不仅有观察，也有她游走于两国文化背景间的思考。读的时候想，她所接触到的这些有意思的人，会越来越少吧。
36331621,格外的活法,4414871236,书中的她/他们来自各行各业，面对的日常和挑战各不相同，但拥有一种共通的能力：一种“不着急寻找一个答案”的能力，面对不确定性、暧昧和怀疑，仍然有一股韧劲，能为自己留出思考的空间。这种能力，或许不带来“生产性”，但起码能让你的肩膀松一松。
36331621,格外的活法,4418852709,从为老人准备便当到老人摄影，领悟到拍摄的不是死亡，而是生命；根据社区垃圾回收站的清洁程度，判断居住在这里的人们是否值得成为邻居；自己建造一栋叫蚁鳟鸢勒的古怪建筑；三代目文身师与黑社会打交道的趣事。我对这几个印象尤其深刻，当然其他几段也很好，与其说书中描述的职业和人生选择有多么“格外”，倒不如说他们活出了自己。想到亚里士多德这句话，人最可贵的品质是智慧和勇气。想要活得跟他人不一样，这两样品质应该是缺一不可吧。
36331621,格外的活法,4414130667,书名起的特别好，格外的活法，格子之外的超出规范的活法。是少数，是特立独行。\n看吉井忍的文字，有一种很舒服的参与感，仿佛亲身参与了她们的访谈。\n喜欢书中人物不同的人生经历和性格。让我看到很多可能、不确定性和暧昧的智慧。
36331621,格外的活法,4418771443,人生不过是一连串的游戏构成的。从某种意义上来讲，只要不妨碍社会和他人，无所谓什么样的生活方式。
36331621,格外的活法,4414055446,因为喜欢《东京八平米》看到可购买的消息第一时间买回来看了，初看《格外的活法》这个名字时坦言我是带着一些理想化的期待的，想看到各行各业一些“格外的”解法，看罢内心感触最大的还是第一个故事，去冲绳开二手书店乍一听很酷，但实际面临的是诸如离岛邮费贵、生活成本并不低等等真实的运营琐碎。再到最后文身三代目所处的“努力就有收获”与当下我们面临的时代对比。\n\n无论身处哪种生活，无论在社会图谱鸟瞰上我们是不是“格外”的活法，都是靠真实的运营打理，都需要学会与自己共存，掌握自己的“活法”。\n\n谢谢吉井忍小姐分享这些故事
36331621,格外的活法,4433449323,这本书不是什么人生指南，而是提供了一些可借鉴的参考，让我们发现在“正常”秩序下“格外”生长的可能性，读完好像喝了一杯温润的日式煎茶，微苦却有回甘。
36331621,格外的活法,4412930334,在这个已经逐渐“无路可走”的时刻，再次通过吉井忍的文字，看看别人生活的各种可能，至少心里可以获得某种“大家都还在寻求不同可能性”的安慰。我会更留心其中那些“非常规”的活法：做垃圾回收员的搞笑艺人、华人暴走族的创始人以及文身匠人。在“另类”人生里，其实他们心底的想法和你我也无不同：这是属于我的窄路，往下走吧，未必没有柳暗花明的彼岸。
36331621,格外的活法,4436150401,格子外的生活，恰恰是最难去选择的生活，由此看来，能够发现“原本的自己“并且与之一同生活下去的人，已经是少数派的幸运儿了。但又或许人们只是欠缺一些勇气，去重新观察所谓主流与非主流的人生，希望我们都拥有这勇气。
36331621,格外的活法,4412939528,格外的活法，我把它理解为格子外的活法。摆脱主流选项，经得起不为人知的“非效率状态”，尤其是在疫情之后，这本书更具现实意义，因为“逃走的人”更多了，外部世界倒逼着人们去探索内在世界。我喜欢那个搞笑艺人同时是垃圾回收员的例子，人生可以是多选题。换一种规则，和自己竞技好了。
36331621,格外的活法,4413072188,非常喜欢！！其实类似的选题有的文化类杂志（比如三联）或者非虚构类公众号平台也可以做，甚至现在也有人做那种视频专访，但感觉吉井忍的长文依然有一种不可替代的特质，不仅仅是呈现了一种不同寻常的生活方式，还能感觉到她真正有在理解受访人的生活哲学与处世之道，并且也是她自己认同的一些观念，比如相比较完全拥抱线上，依然会更愿意“发现身边的附近“，沉浸体验线下生活（包括与老人、没那么善于使用网络的人的互动与交流），而且也有一种不经意流露出的认真、敬业、对他人、对自己劳作与创作的尊重。现在我基本大多数书都读电子版了，但这本书我觉得值得一个纸质本收藏。
36331621,格外的活法,4412945791,10篇文章，呈现数年来12个人的生活剪影。是作者在记录他人的生活，也是作者在主动走出去，与周围世界建立联系。以前总有一种刻板印象，以为日本是严格的阶层社会，日常生活也依旧封闭在传统的秩序中，难免让现代人透不过气来。看作者笔下人物点点滴滴的生活细节、经历追忆、人生感悟，忽然觉得，日本严密的社会网络将人收束其中，人们拼命挣破时感到时刻被紧勒，坦然融入时或许更多地感到温暖，结果成为其中一分子，从内部逐步改造中沿袭传统，创出“格外”的活法。看到后面时，越来越感叹作者文笔之好，娓娓道来，节奏感强，有种循循善诱的感觉。有些文字看似简单，却让人会心击节。如最后一篇的三代目雕佑西文身师对作者说：“人生陷入低谷的时候，更得出门走一走，不能退缩也不能把自己关在门后闷着。”（页278）看看世界总是好的。
36331621,格外的活法,4412936236,非主流的生活访谈。其实从我小时候到现在，社会结构日益松动，即使是中国，也有很多另类人士溢出了主流容器。吉井忍居然采访了都筑响一，真是梦幻联动，恰是这二位改变了我对日本人家居生活的杂志化想像。那个犯人和收垃圾的脱口笑演员令人印象深刻。另外，我真的是见到无数日本作家、建筑师、音乐家等等等等关注311了。我一个中国都挺了解福岛了。
36331621,格外的活法,4417023871,在“大环境不好”的迷茫时代，值得一读。\n人生这么短又这么长，而安全感的来源，是享受每一个当下，以及享受不求回报的持续努力带来的丰厚回报。
36331621,格外的活法,4420951146,我们的格外或许并不是克服了自身的缺点，而是选择与原来的自我共存而作出的选择。虽然是格外的活法，但每个人都好认真地生活、探索、思考。文中说，世上本没有垃圾，你把它扔掉了，就变成垃圾，“垃圾”产生于人们心中的傲慢。那么如果每种生活都被好好对待，就可以从人们观念中的“垃圾”变成宝藏吧。无论会变得多非主流，我都不会轻易放弃我的人生。
36331621,格外的活法,4424291336,吉井忍的新书第一时间就赶紧入手畅读，格外的活法，跟我们大部分人的人生都有着巨大的差异，最接近的也就是毕业于名校的二手书店老板，但引起我震撼或者共鸣的杂志编辑兼摄影师的都筑响一和带有黑社会性质的暴走族创始人汪楠的故事，他们各自的背景、思想和想要的生活方式造就了当下的自己。吉井的文字质朴，充满了真实的情感，跳脱于书籍之外，也忍不住思考我可能会有怎样的第二人生。
36331621,格外的活法,4413898703,不符合世俗标准的生活，游离于规则之外的人，便是“格外的活法”。吉井忍的笔触轻柔却有力量，每个单元的故事都既奇异又动人。喜欢《老太太，便当准备好了》，日本老龄化的危机、独居老人的境遇，都收录在一台相机、一盒便当之中，尽显生命的力量。有时先入为主的怜悯可能是冒犯，老人那句“要好好活下去”的口头禅足以概括这些格子外的生活。在日本的各行各业和不同城市之间穿梭，被认真生活与坚持热爱的风景所打动。就像书中所说，隔壁邻居正在过的生活，或许是二三十年后的自己。
36331621,格外的活法,4424024423,一边烤火一边读着这样文字，整个人都变得热腾腾的，可以满怀期待的迎接春天了。
36331621,格外的活法,4416334366,销售的渠道变窄了，还可以等等再买😓这🐟真难看
36331621,格外的活法,4415773880,经历过社会近几十年从“丰裕”到“失落”的变迁，主流之外的容身之处越来越少，逃离也不再意味着问题自然而然解决，这中间仍然会有失落、沮丧和反复。可是「总的来说心里多了些空隙，可以活得轻松点了」。
36331621,格外的活法,4446081227,好读且温暖，安全感，是我每一次阅读吉井忍作品的感受。她也一直十分擅长挖掘往往在「视线」之外的小小世界。人与八平米的联结感，人与人的联结感都是如此深且真，自由自在，静水流深。每个人都在探索无限种人生可能的过程中，不断专注和富足生活本身，保持现充，被采访的12位更像是某种意义上的生活哲学家，他们有敢于清零和重启自我的勇气，个性是成为自己的爱好拥趸和理想主义，所以「格外」意味着也是一种「难得」。书封设计也很好啊，“愿每个人都能找到自己的那把椅子坐下”有被狠狠治愈&鼓励到。
36331621,格外的活法,4450920777,喜欢这个对于主流或支流的探讨。在日本可能是格外的活法，但日本的主流活法拿到国外又可能是奇怪的。总之，没有什么主流与格外吧。所谓格外的活法只是为了证明并没有什么“格外的活法”
36331621,格外的活法,4416666992,各种各样的人生，城市画报plus
36331621,格外的活法,4413413411,非常喜欢，从去年的东京八平米，让我重新审视我在北京小出租屋的生活，到今年的格外的活法，让我更加坚定人活着，并不一定非要追求主流的人生，找到自己热爱或擅长的事，不求功利的坚持下去，并在此过程中与人产生联结，互相滋养与支持，才是于我而言更重要。喜欢吉井忍的文字，淡淡的，却能轻易的走进我的心。
36331621,格外的活法,4413029164,看似平淡日常的文字，看似微小的不起眼的切入点，却构筑出了一个平凡、丰富又深刻的世界。她采访了都筑响一！在他的照片和笔下，我打破了对日本家居和日式生活那种杂志化风格的想象，发现在一种有限直至中建立的无限可能，在一种混乱之中建立的美好秩序，而此种印象和吉井忍的气质是非常相像的，生活不需要统一的步调和方法，美不是整齐划一的。\n书名就很巧妙，中文“格外”超越是格子/常规之外，英文是处在普通/正常之外，访谈的人们也许过着非主流的生活，但他们也有各自的犹疑、困惑、弯路和障碍，也是在偶然和必然，被动和主动的选择之间走到了现在的”活法“里，我们每个人的人生不也是如此吗？在现在的社会大环境下来看这些故事，能让我们跳脱出自身的局限去看生活吧，能给予更多的人勇气和温暖，得到一种不管怎样也要好好生活下去的力量。
36331621,格外的活法,4420041876,吉井忍对所采访的这群°格外°的人 有种深沉的理解 一份默默的贴心 却冷静地写下自己的观察 克制地传达出内心的感动
36331621,格外的活法,4420683274,读完《东京八平米》因为吉井忍的人格魅力而而喜欢上她的作品，字里行间娓娓道来，读的时候会想到一些电影里的场景，人和人的真诚交流实在难得
36331621,格外的活法,4439175659,从《东京八平米》那时就很喜欢吉井忍。《格外的活法》是她采访十余人的访谈录，和想象中不同，她给人的感觉总是最大限度地保留对方自我表达的自由度，好几个故事总是看到最后才将视角显露出来，但我们也知道这些事无巨细又精确的输出，作者是在其中承担了很大的心力的。
36331621,格外的活法,4431454481,一篇篇小故事 没有特别让人惊讶的故事 就是那种淡淡的戳人
36331621,格外的活法,4414704154,去年底在虹口区的半层书店偶遇老师的签名画，当场惊呼，一直都特别喜欢她的作品。这本唯一的遗憾就是十二位受访者只有一位女性，希望以后看到更多女性素材。“我们的格外，或许不是克服了所谓的缺点，而是选择与原来的自我共存时才被展现出来”。吉井忍女士，请您继续倾听，继续叙述🥹
36331621,格外的活法,4437941085,在生日这天，拿到了新书，专注阅读了其中3个采访，还是熟悉的味道，熟悉的味道，带给人关于世界，关于怎样活着的一种素直平和的启发，在一个个白描般的讲述中，一点点重建生活的信心与信任。无论是局外人还是局内人，无论是进步主义还是退步主义，找到自己的活法才是本质。对生命而言，没有多余人，也没有格外的活法，因为生命本身就是美好😊
36331621,格外的活法,4413930187,一口气读完。书里的每一个人的活法都相对“非主流”但又自洽合理，并不是为了追求所谓的与众不同而那么活。喜欢吉井忍娓娓道来的写作风格。
36331621,格外的活法,4425406892,是平时看不到的日像；是正在发生，也是正在消失的。书名起得很好，甚至吉井老师自身的经历对我而言都算“格外的活法”了。不仅是描绘了不同寻常的生活方式，而且隐含的信息可以激发出延伸阅读，感谢！
36331621,格外的活法,4479572258,前面几篇略显平淡，二手书店老板/垃圾工漫才演员/送便当的独立摄影师……跟现在漫天的“人生是旷野”的自媒体vlog故事相比并不出奇。带着一点失望往后看，后半本又非常精彩，是种种在重压、在痛苦、在地缘政治冲突之下的人生，被侮辱与被损害的人又会迸发出意想不到的生活细节，比如一个人坐了13年牢，出狱后发现，不同咖喱店的比例不一样，他再也无法精准地把米饭和咖喱汁同时吃完，这也是他疯狂失控的生活中最微妙的场景。吉井忍能挖掘到这些让人哑然失笑的小故事，用轻柔的笔触勾勒出很重的人生经历，这是唯她独有的风格。
36331621,格外的活法,4422246701,几乎是不舍昼夜地读完了。如果人人都是被规训好的牛马、螺丝钉，那么这本书可能就不会存在了。再想到房贷、车贷甚至子女债，在某种程度上确实不如书中这些少数者通透。
36331621,格外的活法,4423567565,书里的每个人无论在什么地方 从事什么职业 做出什么选择 他们共同的特点就是拥有丰富的精神世界 必要的时候能够躲进自己亲手搭建的避难所来缓一缓
36331621,格外的活法,4415171074,作为一本人物采访录，在成书形式上，稍显漫散。相当部分的人物内容，其实是“本屋桑”《东京本屋》的内容延续，像一组番外篇采写（如福岛篇也介绍了南相马市的大内书店等）。直接与书店有关的，有冲绳市场里的书店乌拉拉，柳美里作家在福岛开设的FULL HOUSE，而老人便当摄影师福岛淳史，垃圾回收漫才艺人泷泽秀一自身都有出版书籍。至于大陆读者很有可能知晓的都筑响一，本身就是编书大魔王。就连怒罗权华裔黑社会人物汪楠，除了出过书，他最为乐道的回归本来图书寄送事务所，是一专门帮助监狱囚犯自新的类NGO组织。这些人物，他们既是与大大小小的书打交道，真的把人生变成了某一本书——而不是修辞意义上，经由别人装订过的，“我的人生像一本书”。
36331621,格外的活法,4426307872,和吉井忍前作《东京八平米》相比，这本是她走出自己世界，和其他人建立联系，通过沟通碰撞，发现并品尝更多生活味道（哲学）的一本集子。\n\n是吉井忍在生活探索中“前进一步”的实际表现。\n\n本作采访了几个不同领域的人（也有事），故事从日常切入，引出对讲述者来说“理所应当”，但对读者来说“万分新奇”的故事，最后升华至观念和意义。\n\n便当摄影师对老人生活的观察、二手书店主对附近性的发现，以及纹身师对匠人精神的理解……几乎每一个故事都或多或少突破我以往对这些领域（和领域中的从业者）刻板、浅薄的认识。\n\n这种突破提醒着我应该用更新更深入的角度去观察生活，为自己创造更多机会和社会产生联系，也让我对生活产生了新的期待。
36331621,格外的活法,4414693862,“格外”是不是本来就该是寻常？吉井老师写自己写别人，文字是云淡风轻，但读着却觉得韧劲从中生，原来人生这样也可以啊
36331621,格外的活法,4416516294,选择格外的活法，没有那么轻松潇洒，也没有那么可怕。非常喜欢给老人送便当的摄影师那一篇，当然其他篇章也很好。“格内”生活里有时候喘不过气的各位，来这里透透气吧。
36331621,格外的活法,4412949021,给大家的信里，吉井忍说可以在书里看看除了上班和理财外还有什么样的活法。开年后依旧低迷的状态里读一读还是受鼓舞的。最喜欢收垃圾的搞笑艺人、送便当的摄影师和通信的暴走族三段故事。跟朋友聊过，觉得自己的缺点就是克服不了了，格外的活法也许就是，只要内心不放弃自己，就会有支撑和退路。
36331621,格外的活法,4420296235,读来突然让我心静下来，开始思考自己的生活方式。活着的意义和目的是什么，我们还得自己找，这不单是靠智力就能想清楚的，你必须踏出一步，与眼前的人或事产生关系。吉井忍的书太对胃口了。\n\n认同作者说的3句话:\n已到中年的我，更感兴趣的是每个人的小故事，以及活在怀疑中，并以现有的能力面对不确定性和暧昧的人。不用那么急着寻找答案，留给自己自由思考的空间——面向人生，继续提问，继续追问。\n\n其实你生活真正所需的并不多。这里能够让你过一种适当的、没有过多也没有不足的生活。\n\n经济发达和富裕生活或许可以利用科学技术达成，但富裕之后到底该干什么活着的意义和目的是什么，我们还是得自己找。这不是单靠智力就能想清楚的，你必须踏出一步，与眼前的人或事产生联系。
36331621,格外的活法,4415844205,温暖，细腻，直戳人心。里面好几位受访者的工作态度，对生活的思考，对生命的洞察，都让我几近落泪，是会拿出来再翻一翻的好书。
36331621,格外的活法,4439084645,吉井忍的书有一种特别的味道，本质而朴实，她能挖掘采访对象很深，把他们的底色显露出来。这是事先下的功夫，也是面对面采访时，因为自己的坦诚和深刻理解而得到的反馈，还有事后精准的表达——三者缺一不可。她议论少而精当，很克制，这不容易。\n汪楠的故事在读库看过，回收垃圾的搞笑艺人也看过，忘了是不是也在读库。吉井忍想必与都筑响一关系好，她的上一本书都是他拍照。我也在她影响下买了他的书，很喜欢。\n要说我最喜欢的一篇，是福岛，有很韧的精神在里面，要说民族性，这篇说的最透。\n本书校对不太好，好几处不应该的错误，之前在豆瓣动态里说了，这里就不重复了——喜欢才挑刺，因为错误会妨碍好的内容。
36331621,格外的活法,4442591262,非常喜欢吉井忍平和的文字，背后都是温柔的力量～与其说是格外的活法，换个说辞就是保护梦想的另类方式，活着，固然重要，但梦想也重要，二者亦可兼得，只是作为平凡的普通人，压力会比较大～
36331621,格外的活法,4463600193,阅读感受一般，以不算深入的杂记与随笔混合着访谈来书写，附着一些被访者的图片影像，非常日本的生活态度与表达趋向，但整体上并没有太多新奇收获。
36331621,格外的活法,4422579792,“路变窄了，还可以走。”这将是我2025座右铭。好羡慕这样写作的自由。
36331621,格外的活法,4415612725,格里是惯常，格外是未知。但见过的活法多了就会发现，你以为的主流，其实一点也不主流。在人生的十字路口，别人选择右边时，请你问问自己是不是想去左边。
36331621,格外的活法,4429336155,吉井忍总给人一种“平淡认真做一个小人物也很好”的勇气和希望。
36331621,格外的活法,4454421659,要像保护动物多样性一样保护人类多样性。
36331621,格外的活法,4453774497,延续吉井忍一贯的风格：文字温暖不煽情，在探寻生活真相的同时，也提供了一种温柔而坚定的应对方式。完全可以慢下来，以自己的节奏生活。活着的意义和目的得自己去寻找，迈出脚步，与眼前的人或事产生关系。“路变窄了，但还可以走。”
36331621,格外的活法,4443631286,等待了一个月，一口气看完，喜欢\n-“守破离”做一个有本心有风骨的人\n-我花了很长时间迷失于路旁，但并不是徒劳无功\n摘录：\n一个人扔出去的东西，其实很能表现出你是什么样的人\n为了提升质量，保持某种输出量是必须的\n他们并不是一个人在家里孤孤单单等待便当的老年人，这些老年人经历过人生的种种，比如二战\n不拍摄并默默干活的日子也很重要\n要当建筑师不能只干建筑，一定要知道建筑以外的事情\n网络世界是擅长用网络的人构建的\n只要你能保持好奇心和素养，总能有个结果\n世界上还有人使劲敲击键盘，就为了让每个字同时打到五张纸上\n一切都来得及\n书连接着另一个世界\n哪怕做小偷也要做到最厉害的小偷（笑）\n找人要在人中，找米要在米中\n我们的“格外”或许不是因为克服了所谓的缺点，而是选择与原来的自我共存时才被展现出来
36331621,格外的活法,4449634006,第一份工作失业后看的这本书，感觉起到了一些安慰的作用。工作占据了毕业后的大部分个人时间，在选择时的确应该遵从自己的内心，而不是被社会上的主流绑定，认为去大厂、月薪几万才是好工作。另外，结合当下，我感觉不buy house差不多就能够让自己比较从容地生活了，如果还能够注意到一些消费主义陷进，或许能够让人生不被金钱所束缚。
36331621,格外的活法,4449403859,东京八平米已然见到了吉井忍格外的活法，这次的访谈收录了十二个人的活法，日本边缘社会的小小缩影，她们/他们像苔藓一般，在边缘处依然扩张自己的领域。最喜欢的是摄影家福岛淳史的故事，做了十多年的专门给老人家送健康便当的外卖员，记录下这群老人真实的样貌。很多人流泪深思，也有人批判质疑：他说自己拍下的不是死亡，而是生命。那些孤独的，坚持的，有尊严的生命，让他挣扎在写真这种拍摄者的掠夺性和被拍摄者的现实性之间，但是出发点是对人的敬意。中国摇滚史编年网站，监狱寄书事务所，冲绳的二手书店，做垃圾回收的漫才表演者，他们在正常中坚持怪异，又在偏见中寻找正视。非常感动的一本书，引用书中的一句话，“秘境就在隔壁，一直在我们身旁。”\n看那些不按照时代节奏的慢跑的人，非常自如，悦己。
36331621,格外的活法,4451295890,近期的热门书。在价值取向越来越单一的时代，看看这些没有壅塞在主流道路上的人们（上一本是《从鸟鸣中醒来》），被抽干了活力已经感官迟钝的社会中坚们得以借此呼吸，暂且换换脑子。比起一个萝卜一个坑的生活，开书店回收垃圾给独居老人送便当，柔弱的根系不为人所见却延伸得更广；把住所造成蚁巢虫茧般形态，在福岛延续生意和生活，在他们的历史创伤里找归属，给道上的纹身，甚至服刑，歪歪扭扭的生活其实都不算猎奇，原生林本就应该如此参差。
36331621,格外的活法,4422357062,“有的人会认为这样就不错。但换到我就不行……在找出这个答案之前，我就没法往前走。”\n\n书中的人物大都有一种可以称之为浪漫的特质，一开始我不知道那是什么，读到纹身师的故事，才明白那是一种并不关乎理想或道德的处世美学，一种“非如此不可”的原生力量——只有这样格外地活着，他们才能真正获得内心的和谐。\n\n然后吉井忍告诉我们，无法继续前行没关系，停下来，在脚下这块地默默耕耘的日子也很重要。所有遵循内心活在当下的积累，最终都会救你的。
36331621,格外的活法,4418992890,开独立书店原来这么辛苦啊/读到摄影师篇，除了书店主其余都是有自己擅长也喜爱的主业（不稳定不咋赚钱）和一个有稳定收入的副业共同维持自己喜欢的生活，其实追求喜欢的事是很辛苦的，也是需要在不断尝试与思考中探索机遇的/格外：跑到交通不便的冲绳开独立书店，因为喜欢冲绳的风土人情和出版社；坚持做脱口秀但不再偏执出名，白天在做垃圾分类员中找到踏实的生活；为老年人送便当赚钱的日子中真诚对待与思考，成就了摄影师；从监狱出来，从自身经历出发，找到存在的意义；喜欢爵士乐，认真对待客人，获得超越空间与政治友谊的咖啡店主；感觉到在故乡的使命的福岛鱼店主、书店主；一心精进技艺，真诚待人的纹身师。
36331621,格外的活法,4422687282,普通人選擇的不普通的生活，生活的意義不止是實現夢想，更是承擔責任。
36331621,格外的活法,4447632208,自序就很好看，书中的人物都不是“奇特人物”，也不太会是“别人家的小孩”，因为他们都不在主流赛道上。而作者也是放弃那种赛跑的人，游荡各地，不买房不上班，甘愿落后几圈并用自己的节奏慢跑。当时代变迁，这些无用之人能跑的路越来越窄，该怎么走下去？作者的结论是：路变窄了，但还可以活下去。印象比较深的是用了几十年造一所房子的建筑师，和难以融入日本社会、坐过牢的华人移民，很真切地展现了活着的艰难与反复。并非一路向着光明的、线性进步的人生，才是最普遍的真相吧。
36331621,格外的活法,4428528265,依然会被吉井忍的文字温暖到。
36331621,格外的活法,4423347212,千奇百怪的职业，书店老板、建筑师、纹身师……但是大家都拥有同样富有力量的人生。人生有那么多种活法，何必执着于世俗意义上成功的道路，失败有时候也是一种风景吧。
36331621,格外的活法,4416878157,客观地说，和《东京本屋》比较像，不如《东京八平米》。10个故事里最喜欢汪楠，那种在别人土地成长的疏离感
36331621,格外的活法,4413925852,【202501】在小鸟文学上读过部分。十二种不同的生活，透过他们看到常规意义外的生活方式
36331621,格外的活法,4413947849,“各行各业”的故事。序里有一句话很打动我：“看目前的样子，路变窄了，但还可以走。”每个人都在选择自己的生活，人与人之间或许有贫富差距，有社会地位高低……许多条条款款，但只要自己觉得自己所做的事是有意义的，内心能够自洽，那就是最好的生活方式。喜欢这本书。不仅是内容，装帧我也很喜欢。
36331621,格外的活法,4440729264,中英文题目的双关都好有趣。
36331621,格外的活法,4441011265,吉井忍在书中采访了10位并非行走在主流赛道上的人，有二手书店的店主、别样的摄影师、坚守传统的纹身师，还有建造“纯手工”大厦的建筑师、爵士乐咖啡馆店主和用心制作并维护中国摇滚乐网站的留学生等等。他们不是榜样，也不是什么特别的人，却用行动和信念守护着自己的心爱之物，选择了格外的活法并坚持了下来，让我们看到了不一样的生活的可能性。吉井忍说，“路变窄了，但还可以走”，她从这些人的故事里感受到了“有能力面对不确定性的暧昧的智慧”。
36331621,格外的活法,4419260648,喜欢收垃圾的搞笑艺人，拍老人的便当工摄影师，在生活中存一点钱+实现自己的梦想，有一种普通人的理想主义在。希望这样格外的活法，成为大多数人内心的底色。
36331621,格外的活法,4440073066,“发现自己能力不足时，她不会苛刻要求自己或过于自卑，而是伸出触角，与别人建立连接，慢慢向下扎根。我认为这也是”格外的活法“所需的素质，它不是一瞬间下大决心的冲动或激情就会成立，是一个漫长的过程。”这句话描写了本书里那些所谓不同的人成为不同的原因。这本书介绍了10位不一样的人，但是其中只有1位女性，放在了本书的第一位活法介绍中，这个比例是我读完整本书意识到的，也许女性特立独行更难一些。“东亚女性的位置 ”。这其中其实还有一位隐匿的女性，就是冈启辅的妻子，一位独特建筑师的伴侣，他完成建筑作品的成就感无法同样滋养自己的伴侣，我相信他的伴侣最终离开是为了寻找能够滋养自己的精神空间去了，这种推测让我对这位“隐匿”的女性肃然起敬。
36331621,格外的活法,4447875879,开年读到这样的非虚构作品，太幸福了。重拾一些勇气和力量，按自己的想法活下去。
36331621,格外的活法,4413109779,"你想活出怎样的人生之""跳出胜负束缚之后的路“"
36331621,格外的活法,4412963391,看前几篇的时候有种，这本是在讲某种第二人生，鼓励大家深挖副业的吗？不全然，实则是把目光投注在了边缘上，正想感叹哪怕边缘，也有可供依凭的社会的褶皱，那我们呢，能让我联想到的只有那本逃走的人。还能站在原地的人，譬如我，一如身边的人，似乎并没有多少可供参考或安慰的案本。
36331621,格外的活法,4413902987,“做人即承担责任。知道了，这事本身附带有一种责任。有人在那里坚持开书店，继续卖鱼或开始新生活，一旦知道这些事和人，某种意义上你我也就成了其中一部分。”
36331621,格外的活法,4462355748,我在想，其实每个人的生活过下来，都会有各自的“格外之处”吧。无论如何，看到世界上还有这么多人执着于自己的生活，真是太好了。（2025年读的第一本书，以此书开启今年的阅读之旅真是太好了☺️）
36331621,格外的活法,4416123615,比想象中的没那么“格外”？装帧和纸张质感是真的很舒服。
36331621,格外的活法,4376374841,一个人能够处于不确定、神秘、怀疑的状态，而不急躁求得效果，是一种东亚人鲜少被教导的生活能力。有时候缓下来，不跟着大众走，反而能发现真正适配自己的生活。
36331621,格外的活法,4413922457,好看，10个人的活法虽然都不一样，特别是那个建立“龙的传人”的汪楠的故事十分有趣，最后又因为犯罪被逮捕了也是意想不到的转折，但他们的内核都是在追求人与人之间的联结诶
36331621,格外的活法,4413969769,跟《离岛》同类别的访谈！出格，例外，希望也能是日常不非反常的生活状态。刚开始，体验极佳🎈值得看，对自己的生活也是启发。怎么度过这几十年。
36331621,格外的活法,4413546249,“他们无法放下心中的龃龉……在极致追求效率的社会里，别人都在自顾自地走，若要原地踏步、反复思考，反倒需要相当强韧的精神。”……“他们给我的力量这么大，足够让我在这个模糊不清的世界里努力下去。”格外的活法，格外动人。
36331621,格外的活法,4418266010,采访的故事很吸引人，看完更喜欢作者了，她从不评判，像水一样自然地理解他人的生活方式，是对这个世界充满兴趣的人，真好
36331621,格外的活法,4440849110,看吉井忍的书可以缓解焦虑，最喜欢两家书店的故事（01和09）。摄影本身带有掠夺性，会把对象变成一种能够被占有的象征性事物；想看都筑响一的摄影集；渡边贞夫，秋吉敏子；人与人的直接交流有时能超越政治，这就是和国家之间的事情不一样的地方；圣埃克苏佩里：做人即承担责任；“我从此学到一招，人生陷入低谷的时候，更得出门走一走，不能退缩也不能把自己关在门后闷着；“反复进行的对话中，总会有那么一个瞬间，她/他们会展示出来自己的“弱”，如能力或条件的不足，以及情绪上的脆弱。更能让我产生共鸣的是这些真诚的坦白。我们的“格外”，或许不是因为克服了所谓的缺点，而是选择与原来的自我共存时才被展现出来。”
36331621,格外的活法,4478955023,生活不在别处，当下即是全部
36331621,格外的活法,4418789551,吉井忍一如既往地保持着人文主义关怀，关注着那些世俗眼光下不那么成功的小人物。很佩服他们能逃离成功的叙事，找到自己喜欢的事，在各自的领域发出光芒。
36331621,格外的活法,4409089867,路宽路窄，又如何呢，格外又不格外的活法，只要是遵循内心，就是一条好路吧～
36331621,格外的活法,4457015827,在正确的时候遇到了正确的书，就像一份老天赠予的礼物。在日本旅游的一周时间里，断断续续地读完了吉井忍的这本新书，书里的故事与现实里遇见的人事物逐渐交织重合，是一种特别奇妙的体验。\n即使不是伟大独特的人，每个人都可以大胆偏离主流的生活方式，在摸索中寻找到支撑自己生存的核心。\n我想我也和吉井忍一样，比起宏大的叙事更爱看书写具体的人，比起励志成功学话术更爱看其他可能性的活法，这样才能让我真正感觉到“未来”这两个字是没有任何封口的、可以无限延伸的象征着希望的词语。\n（最喜欢汪楠的那一篇）
36331621,格外的活法,4438414767,如果把人生看做一趟旅程，这本书倒是很契合旅行的主旨…那就是看看热闹的人世间，大家都在过什么样的人生…\n祝愿大家旅途愉快～\nby the way，从《东京八平米》到《格外的活法》，我非常喜欢这个作家。
36331621,格外的活法,4462231507,书里写的每个人，感觉都是那种活一段时间，就会按一下停顿键的人。在信息如此繁杂，大家都在飞速成长的现在，好像不学、不看，专注自己并允许生命有淡淡的留白反而是一种魄力。一些人的故事甚至觉得翻页快了都是一种不尊重。偶尔会因为忙得失去生活，或者沉浸在碎片信息里而觉得自己面目可憎，按时看一些这样的故事，感觉能缓冲回到停顿的状态里。
36331621,格外的活法,4452207651,感谢还有吉井忍去写格外的活法，让我看到主流路径之外的人生选择。没有绝对正确的选择，而是做出选择，对自己的选择负责。
36331621,格外的活法,4454246657,语言上还需要磨砺
36331621,格外的活法,4448190254,格外生活的匆匆一瞥，为这些人的生活赞叹，但写得实在是很浅
36331621,格外的活法,4420922475,非常打动人心。采访者与被采访者的人生和事业大相径庭，但是都能够从自己的生命出发理解彼此，因为所有人的事业都是从自己的生命出发孕育而出的，都是很“真”的。
36331621,格外的活法,4445773503,“路虽然变窄了，但还是有路可走。”
36331621,格外的活法,4455990095,吉井忍出《东京本屋》的那年，我刚开清凉艺文咖啡书店，想说在另一个国度也有人在做和我一样的事情，这种感觉很奇妙，如精神相通的故人。如今再看《格外的活法》这本书，熟悉的感觉又回来了。\n\n这次，吉井忍采访了日本不同生活领域里的职人，给这个世界提供了不一样的生活样本，发现生命的更多可能。\n\n第一个就讲了书店人的故事，在日本最大的书店工作的智子开了一家日本最小的书店，日本的旧书店非常多，我之前去过几家，其中古旧书、绝版书尤其喜欢，也带回了一些。\n\n离开大书店后，智子守护着自己的这一方天地，在她看来，书是与这个世界对话的方式，也是了解世界的一扇窗。\n\n经营书店多年，我一直认为，书店是不同于其他的一种生意，如何经营如何赚钱书店人各有各的门道，并非某些言论“书店不赚钱或书店会消失”之类的定论。
36331621,格外的活法,4443140037,做两栖动物也没什么不好\n有被鼓励到
36331621,格外的活法,4470503809,没有人能够替他人决定什么是好的，什么又是对的，每一种自我坚定的选择，就是“格外的活法”。
37023820,乔瓦尼的房间,4330253333,看译者的名字应该是台版翻译，然后直接从台湾引进大陆的译本。我还没拿到上译的书但我想直接写了。詹姆斯鲍德温作为我的学术论文和小论文的研究对象，乔凡尼的房间是我品读了诸多次的小说。大卫海拉乔凡尼三个人的情感纠葛的终极来源除了大卫自身酷儿身份隐匿与深柜身份的原因，更有时代背景对酷儿群体的猎巫和高压监控的因素。大卫的美国身份与巴黎城市空间的碰撞，以及乔凡尼意大利人身份在欧洲地区饱受歧视的隐线，共同彰显着鲍德温的流散与孤独。与乔伊的性亲密是刺激大卫酷儿意识的第一步，疏远欺骗霸凌乔伊是他隐匿的第一步，与苏的一夜情是他与酷儿身份和身份隐匿纠缠不清的开头，与水手的放纵是他非自愿身份揭露的开始，也是所有人悲剧的开始。丝毫不同情大卫，海拉和乔凡尼都找寻到自己的爱了，只有他，撕碎了信与想念，却永久停在了过去。
37023820,乔瓦尼的房间,4295887083,关于同性之爱的绝望与黑暗，这本书在叙述上达到了某种难以超越的高峰。故事很简单，道理也寻常，不寻常的是那些句子和背后铺天盖地的情绪。唯一的女主人公说的话很精彩，她的形象也有其光彩，毫不扁平。值得重读。
37023820,乔瓦尼的房间,4295891467,心和脑一旦分离，人就成了自我意义上的流亡者。边听着Stelvio Cipriani流动的竖琴边读，好像也沉入房间的海底，第一次见到乔瓦尼，他不懂“时间到底是个什么玩意儿？为什么晚一点比早一点好？我们一定要等，是在等什么”；第一次在乔瓦尼的房间醒来，感觉“时间毫不在意地在我们之上流过，小时和日子都没有意义”；最后一次离开，“你想离开乔瓦尼因为他害你变臭。你看不起乔瓦尼因为他不怕爱的臭味”。隔着译文，鲍德温用词的精准止不住地透过纸张传来，“我想甩掉他也想拥他入我的怀里”，如此幽微交错，如此无可逃脱，只能任氧气一点点被抽干，湿透，淹没。
37023820,乔瓦尼的房间,4339006084,因为鲍德温的身份，我始终并不把他视为文体家，而这本的叙事之有力和情绪之饱满超乎我的预料。情节没什么好说的，甚至有些俗套，一个无法直面自己同性身份的男人，伤害了一对深爱自己的男女，而后走入无法摆脱的命运冷风中。语言很有韵律感，让人想朗读。乔瓦尼让人想到何宝荣，对赫拉描写和台词也相当出众。
37023820,乔瓦尼的房间,4339956999,关于自我的逃避，关于边缘人的痛苦，关于爱的美丽与肮脏，鲍德温的文句是漩涡，是浪潮，是可以在激荡与平息中迅速流转的东西。水的意象贯穿全书，充满磁力的声腔渗透纸面，将我吸入那个幽暗的房间：失序，沉闷，仿佛滞留于最深的海底。即便开篇就知道故事会导向哪里，也只能任由文本领着我坠向最初的死局：重生只是为了更加血淋淋地死去。
37023820,乔瓦尼的房间,4341871650,我一直觉得这是鲍德温最成功的小说。他少有地没有围绕自己的核心关怀——种族问题来编织文本，而是悄然潜入生命中另一个黑洞——性。作者看似没有出现在故事里，而是隔着报纸隔着种族等身份在远处讲述，但可能恰恰是这些距离给了更深处的告解可乘之机，绕开了他经典的布道语言及其造成的道德难度，让内心的伤口流出了脆弱的汁液。而他大概不会同意，这些叫不出的喊声、无法点燃的烈火、在政治上完全找不到出路的部分，可能更接近文学。
37023820,乔瓦尼的房间,4395610945,亲爱的乔凡尼，你知道这世上大部分人是不会爱的，至少不像你一样爱。他们“满身肥皂味地进来，还想满身肥皂味地出去”，五分钟变臭都不愿意；他们对你笑的样子就像对所有人笑，带给你狂热但没有喜悦；他们被一种盲目的自负束缚，却自以为自己永远不会被束缚——只有成为一个自欺的专家才能成为一个“相信自己意志坚强、有能力掌握自己命运的人”——“他们的抉择根本不是真正的抉择”。而你，当你在爱的时候，能感觉血液流动，能感觉一切停摆，你什么都能感觉到，你知道自己想要谁，而这一切，只因为你对自己诚实。没关系的，被你爱过的人也会在身体上留在烙印，他们知道“有一天会为此哭泣的”，他们知道在欺骗的是自己。鲍德温写得真好，只要爱过心碎过的人都会明白，女性角色着墨不多但很鲜明，“美国人不应该来欧洲”——想读亨利·詹姆斯了。
37023820,乔瓦尼的房间,4328422757,可能是翻译的问题，文本整体非常滞涩，叙事无法在这样呈现的句子和句子之间流动起来（到最后四十页突然好了很多）但透过这样的汉语仍能捉摸到很多闪光，让人不失却读下去的信心。
37023820,乔瓦尼的房间,4347048181,同人女水平……豆瓣这分太离谱，笑亖。
37023820,乔瓦尼的房间,4347604540,刚读:boys hurt boys \n读完:boys hurt everyone
37023820,乔瓦尼的房间,4304523571,文字非常优美，包括音韵，因此可以默看也可以诵读——托宾在导读中说“鲍德温创造了一种告解式文体”，这使人物就像站在舞台上对我们讲述。又像电影，巴黎的光影和街景在眼前鲜活地流转着，还有很棒的台词，比如大卫说：\n“我想人们之所以等待，是为了确定自己的感觉。”\n而乔瓦尼则问他：\n“当你等待之后——你确定了吗？”\n在这些对话中，我不断被提示着。\n鲍德温说这本书“并非围绕同性恋这个主题，而是关于当你内心的恐惧大到让你最终无法去爱时会发生什么”，如果写作是关于人的深渊，那么在这个故事里，真正的深渊一定不是触犯禁忌、停留在边缘无处可去，而是因为害怕而遮蔽自我。大卫即使借鲍德温的笔最终坦承一切，已经发生的悲剧也无可挽回。
37023820,乔瓦尼的房间,4347630425,莫名想到《天才雷普利》，又想到《孽子》…“在数不清的酒醉而绝望的早晨，我们曾拖着蹒跚的步履一起回家。”一切都是周而复始，不停穿过错误的走廊，走进错误的房间…\n忽前忽后的时间线，让人错乱…\n-\n“她们应该被揍个半死才会知道是谁在统治世界”？？？这是借谁之口在说话？掩藏不住的轻视与贬低…\n-\n刷的好评水分太大了，让人逆反，论情节论文笔都达不到…
37023820,乔瓦尼的房间,4295883170,10.29的笔记：今天，我好像明白了，为什么是乔瓦尼的房间。进入一个人的房间，代表着把自己完全交给对方。代表着在黑暗中只依靠背部的触感，在陌生黑暗的房子里被另一个人从卧室推到浴室——“推”这个字有一点暴力，但其实很安全，在你完全交付之后。可大卫终究还是离开了，他做不到把自己完全交给对方。
37023820,乔瓦尼的房间,4391207179,这书是对我轻信铺天盖地的宣传的惩罚
37023820,乔瓦尼的房间,4351161170,James Baldwin真的太棒。写散文时像个拳击手，满是力量和节奏，但在这本小说里，他的文字是那么摇摆不定，细腻，脆弱。两者的共性是诚实。他是凝望深渊的人，但不会掩盖自己的畏惧。
37023820,乔瓦尼的房间,4335704062,我没法不爱你，因此我再也不能爱你。而当我彻底远离你时，我才发现我再也离不开你。在世界的边缘，我领悟到你—我的中心—爱：我恨的根源—我爱的根源；我狂热的根源—我平静的根源；我堕落的根源—我信仰的根源。我爱你，所以我爱你。我爱你，所以我没法不爱你。
37023820,乔瓦尼的房间,4346986769,真好，并不是故事有多好，是叙述的好，简直太好了，通过文字感受到了人物的种种情绪，而其中最触动人的也确实是恐惧，恐惧是可以从书页中升腾起来的，这个时候我只想对大卫说，对我自己说，对你说：别怕，不管你是男孩还是女孩，别怕，别怕自己，别怕真相。是男是女或者是什么都不是重点，重点是是谁，不要拒绝这个已经找到的“谁”，不要逃跑，不要推开，不要怕。
37023820,乔瓦尼的房间,4354423171,原著7分，翻译扣一分。\n\n下单后等快递的这两天找了原著来读，原著读下来顺畅无比，译本真的可以更好的。\n\n其次我想为雅克正名，雅克在朋友有难时数次都毫不犹豫地鼎力相助，在大卫迷茫时尽心劝诫，也并不像纪尧姆那样强人所“男”。仅因其年龄，遭受作者如此无礼的差别化描写，我只能说你也不会年轻太久！\n\n作为出柜之人，虽个中艰辛十分难熬，但我对仍“隐蔽在暗处”的同路人，逐渐少了一份哀其不幸，多了一份怒其不争。不过大卫最爱的也并不是乔瓦尼，是他自己。对未来的迷茫与恐惧如此轻易地战胜了他对乔瓦尼的爱。\n\n最后，大卫被困在乔瓦尼房间的同时，赫拉也被困在了大卫的房间。二者处境，困境，抉择，其实如出一辙。\n大卫不谈，恨铁不成钢。 赫拉却…她有的是力气和手段，最后却也还是选择换个对象来走既定的人生道路，糊涂呀！
37023820,乔瓦尼的房间,4324451866,美文 很典的同妻形婚 形婚者的自怜殿堂
37023820,乔瓦尼的房间,4410565684,很好，2025年读的第一本垃圾出现了。故弄玄虚矫揉造作，我无法理解甚至对骗婚gay的憎恨又增加一层。推荐这本书的所有up以及博主应该浸猪笼。恰烂钱烂屁股！！！
37023820,乔瓦尼的房间,4338308557,让我想到去年的《虚掷的夏日》，贫穷而无所事事的男主角，忧郁的二十来岁的躯体漫游在古老但同样忧郁的城市。应当如此吗？//“他把救赎押在我身上，而我无法承担”。//逃出乔瓦尼的房间之前，我只能看到鄙视和脆弱的自我，看不到什么好的东西——就像在一间昏暗潮湿、充满酒精和呕吐物气息的狭小房间；离开后、逃回象征着正常和秩序的赫拉身边后，倒是一派爱意和慷慨以及愤懑。//别让我再读有这种男主角的书了，再读下去我会觉得20世纪充斥着这种自私的脆弱小鬼，满脑子的彷徨不决，明明对自己的情感和身边人的关系都做不出明智的判断，却自大地觉得洞悉了何谓人生、何谓幸福，读着就像拽着领带来两拳头。//或者二十世纪确实如此？或许二十一世纪只是其数字化的延续？无所谓。//文字还是不错的，结构倒是简单了点。
37023820,乔瓦尼的房间,4357957577,翻译的很差
37023820,乔瓦尼的房间,4344104916,希望少点同人女看到因为我真的无法保证乔瓦尼会被嬷成什么样子
37023820,乔瓦尼的房间,4362939637,黏膩，濕漉，歇斯底里，我不喜歡。
37023820,乔瓦尼的房间,4359759352,别再给LGBTQ群体写这些疯狂的故事了好吗，不是所有的人都会在爱情里沉醉到迷乱，也不是所有的人都会欺骗自己，欺骗所谓自己选择的正常爱情，作为拉拉我是真的不喜欢这个小说。\n（比如《渺小一生》的情节写的就还不错，又或者是《夏日终曲》
37023820,乔瓦尼的房间,4348134088,但是，人不可能在不快乐的状态下自行发明停泊的地点、爱人和朋友，一如他们不可能发明自己的父母。生命给我们这一切，也带走这一切，而最困难的便是给生命一个肯定的答案。
37023820,乔瓦尼的房间,4331664537,这本书紧密结合了韵律、意味以及故事性，还充满着回望的哀伤。“这个冬天很冷，但当一个外国人指出这个事实时，这里的人就认为他没有教养。”
37023820,乔瓦尼的房间,4353052164,没感觉有多美不是情节而是语言，语言很难看，圈钱社的宣发铺天盖地，无语
37023820,乔瓦尼的房间,4364646163,这啥呀 男性自我意识过剩的产物吗 啥100本伟大小说 就是莫名其妙的地摊gay子读物
37023820,乔瓦尼的房间,4329549650,在文字长段贴紧的韵律节拍中感受到了些什么，幽微心事陈旧不堪，巴黎夜晚里有一场浓得散不开的雾气，爱人的双眼被蒙蔽，于是互相辜负彼此伤害，在文学创作中看来再熟悉不过的故事，无法正视自我情感需求的男同性恋者爱上了一个不该爱的男人，忧郁纠结且孤独的男人，在相处的日子里，截然不同的生活方式彻底摧毁了他们的关系，通向未来的路早已粉碎，回望过去走至当下的原因却是愈渐清晰，无法抗拒正在苏醒的爱彻头彻尾的困住了对方，鲍德温的笔从时间的弧线悄然划过，在乔瓦尼的房间形成一种结界般的境况，注定分散的恋人说着在未来不会发生的预想，其中出现的女性角色也毫不逊色的展现了强烈的个人魅力，她说，差点忘记，无论如何都不该丢掉如何做一个女人，痛心流泪后骄傲洒脱的分手，反倒凸显了男人的窘困与傲慢无能，批判爱，痛击爱，永失所爱。
37023820,乔瓦尼的房间,4332254825,一部杰作！\n太震撼了，第一部里的酒馆让我想到《孽子》里的公园，第二部让我觉得回到了西方的传统，人的挣扎，想到《断背山》，但这些都无法否定这是一部杰作。
37023820,乔瓦尼的房间,4295881099,文笔太好了，好到这么美的文笔用来写情爱，让我感觉好可惜（是我的问题）。托宾的导读也优美，他说鲍德温的文字有布鲁斯歌曲那种婉转、慵懒的味道，好精准。例句也好到让我直接摘抄：“那些有着啤酒肚、戴眼镜，眼神热切而有时绝望的男人都在，还有那些瘦得像刀子，穿着紧身裤的男孩们也在。你永远也不能确定后者要的到底是金钱、血液还是爱。”还有三连句也特别戳我：“我听说中弹的人会有一阵子没有任何痛感。我感到某种解脱。好像做决定的必要性已经从我手中被拿走。”
37023820,乔瓦尼的房间,4352765470,大卫对乔瓦尼的痛苦并不来自深刻的爱，来自无法知行合一的自我认同，用现在的话来说是个渣得不行的深柜双性恋苦苦挣扎，光用“渣”来解释深柜男性奋又挣扎的复杂心理过于浅表，于是写成一部老登通讯录文字，成为名作。可是漂亮乔瓦尼的痛苦呢，又有谁以他的名义写一部文学呢？
37023820,乔瓦尼的房间,4356905866,唉，写得实在是太好了，不留情面又一针见血地写懦弱的美国白男，写男同的厌女，写钱色的肮脏交换，写青春的肤浅与苍老的俗气，写束缚女性的身份困境，写毫无保留到精神压迫的情感投射，写漠不关已又卑鄙挪用的情感升华，所以读完之后只品尝到渺小人类个体精神世界无可避免的芦荟口味，有时像酸了的牛奶。
37023820,乔瓦尼的房间,4327639947,恐惧的时候怎么去爱呢。
37023820,乔瓦尼的房间,4391067058,太不喜欢了！！ 完全无法共情…男主的冷血无情都可以姑且不谈，但如此的懦弱自大 太厌恶了！！不仅仅是对于角色本身的讨厌，更多是本双性恋对于男同之间是否存在真爱这个话题的厌倦。如此文艺浪漫的情感流动却像直男临死前最后手淫时意淫的想象，令人感到不适。可能读书本身就是一件很私人的事，我失去了体会爱的能力。 男作家的爱里总是有太多太多的过分庞大的ego！！ 自我意识膨胀到我一边看书一边想吐… 文字的细腻和华丽掩盖不住文字背后疯狂膨胀的男性自我意识。 纯纯就是一部水仙文学，怎么会有这么爱自己的伪善人！别演了！！ 演什么深情啊… 更别说这是自我探索与自我成长…男人不用成长了！哪怕他承认自己是个懦夫也行啊… 服了！推书的人收了广告费也吃点好的吧… 这故事有什么好心痛的！ 爱的莫名其妙，结尾更莫名其妙！
37023820,乔瓦尼的房间,4415012872,37页合书。字经过眼睛流不进脑袋里，有缘再读。
37023820,乔瓦尼的房间,4363605385,太动人了。本来以为不会特别理解的作品，深深被文字中潮湿粘腻的压抑，痛苦，欲与爱的纠葛吸引，不仅仅是同性恋，更是对于迷失的爱和身份认同的抒发。动人。
37023820,乔瓦尼的房间,4326841599,托宾导读，放到最后来看。身份的缺失和认同，永恒的主题。尤其是把一个男人自己也不知道要做什么的状态描绘真实生动，有意思。但依然还是觉得不够力量，可能里面的人物太过于拖沓在泥潭里，未来没有明确，灰尘日积月累，想到就让我觉得灰心。
37023820,乔瓦尼的房间,4377608387,读倦一些讲大道理的书后，会喜欢这样纯粹地体验情感，表达极易共情。同时真的很迷惑，作者是真的厌女还是为塑造人物，让主人公在对谈里总莫名其妙地蹦出一些让女性观感不适的发言……但又很喜欢赫拉
37023820,乔瓦尼的房间,4412488181,看到书名就会想要打开一看究竟，果然，乔瓦尼的房间就是一个潘多拉的魔盒。里面满是关于欲望的书写。海水是整本书的意象，平静的表面之下是波涛汹涌的海啸。懦弱、狂热、羞耻与破碎，华丽的文字爬满了书页，字里行间流淌的是绝望与黑暗…一个美国“新”人在欧洲“旧”大陆发现了自己，找到了自己…大卫是自私的，他自私地去迎合世界，试图做一个别人口中的美国人。他自私地满足了自己的欲望，最后又自私地潇洒离开，但最后又用一生为自己的自私祭奠。“告解式”的表达，让整个故事充满了追溯感，是回忆也是遗憾。大卫，你不要求得救赎，人性本复杂。那些华美的过程是这一生的路，命运仿佛早就被书写好了，那一刻，你会走进乔瓦尼的房间；如果还有一次选择的机会，你依旧会毫不犹豫地走进乔瓦尼的房间……
37023820,乔瓦尼的房间,4339831290,读过的第一本鲍德温，被强大且精准的语言深深震撼到。内心深处无法为人道的恐惧，对生活几乎败下阵来的强撑，让人一次又一次地和正念擦肩而过，一再地身处骄阳下仍成瘾般地拉扯一片阴霾在头顶，在巴黎暧昧缠绵的背景下，更是模糊不清，难以剥离。
37023820,乔瓦尼的房间,4419329080,不好好地履行父职，终日幻想跟儿子称兄道弟的父亲；美丽但被生活摧毁，把自己当成救命稻草的同性恋人。当一个人的爱欲跟父亲的期许和社会的舆论相背离，“当我在说谎的时候，我欺骗的不是你...我在欺骗我自己。”这句通常用来骗人的话，对于说话的“我”来说却是隐忍不发的心声。“我”让人联想到豌豆公主，他的家庭背景、经济条件、人际关系好像一张张的鸭绒被子，换做其他人会觉得求之不得，但是“我”的性取向就是那颗咯地他辗转难眠的豌豆。这本书写得很感性，情到深处叫人不曾经历亦会沉溺。而且很有意思的是这书是由黑人写出的白男的故事。
37023820,乔瓦尼的房间,4352169936,我为什么要读这种玩意？老天爷哦
37023820,乔瓦尼的房间,4355365054,有个人一直想成为一名“真正的男人”。可他忘了，真正的男人最该具有的品格是坦诚的直面自己。时代的刀锋锐利闪亮，让人心生恐惧。作为一个人，勇敢是必备的品格。乔凡尼有，Hella有，唯独他没有。乔凡尼的房间里只剩下一个懦弱的灵魂……
37023820,乔瓦尼的房间,4342498562,今年下半年读过的最佳。很久没读到这么聪明的句子了，如此精准美丽的语言，仿佛回到巴黎湿冷的冬天，有绝望、自我、身体，唯独不再有爱。如此沉默厚重的忧伤。
37023820,乔瓦尼的房间,4349967362,如此直白厌女的文字却也盛大的爱
37023820,乔瓦尼的房间,4304490651,读完了巴勒斯的《酷儿》紧接着读了这本书，同样是描述1950年代浪游海外的美国同志群体，鲍德温少了药物作用下的狂乱，回归到人之本性的挣扎。在同性恋更多被视为一种行为而非身份的当时，主人公的种种逃避在今天更为封闭的环境中依然常见。而且鲍德温太会描写人物和情绪了，乔瓦尼这个角色越是闪亮，后面的落魄也越让人心碎。书名《乔瓦尼的房间》更是唏嘘。不愧是在“百大同志小说”榜单上仅次于《死于威尼斯》的第二名。（想读时的标记：竟然真的就是简中第一次出版，非常期待）
37023820,乔瓦尼的房间,4429914738,看完觉得更厌男
37023820,乔瓦尼的房间,4433212146,受够了怂逼gay顾影自怜，哥们儿你不是从头就整你那啥刻板印象的男子气概吗？你别告我就这磨磨叨叨的嗷🤗
37023820,乔瓦尼的房间,4404903573,阅读体验非常糟糕，矫揉造作的词藻叠加混乱的故事情节，以及不顾别人死活顾影自怜式的无病呻吟都太令人反感了。
37023820,乔瓦尼的房间,4361320249,气数已尽，它的余晖能存在出版后的几十年里。从今天开始往后看，已然算不上多好的作品了。
37023820,乔瓦尼的房间,4357081775,庸俗的爱情故事并不会因为发生在两个同性身上就变得具有艺术性，华丽的词藻也掩盖不了空洞的内核...真的不想再读任何自怜自艾的gay子爱情故事了...ps:为什么有的文字要加粗？做阅读理解吗？
37023820,乔瓦尼的房间,4354630932,论一个深柜如何毁掉他和爱他的人的一生。\n诗意化的第一人称叙述，充满自我欺骗和自我悔恨的告解，最后一节之前实在是被大卫气到爆炸，但是结尾作者的描写实在是过于充满悲悯感，让我释然了。\n很多人都在时代洪流中无可避免地将生活过得一塌糊涂，但如果是现在的美国和巴黎，这个悲剧有可能不会发生。
37023820,乔瓦尼的房间,4363793818,日常空虚无聊，每个人溺在其中——逃避自由的同时也逃避自我，上一秒为美好的感情心醉，下一秒即被逼仄的房间折磨。背井离乡的乔瓦尼以为自己抓住了爱情的救命稻草，殊不知自己已变为长着血盆大口的、爱的怪物；而应被乔瓦尼吞噬掉的大卫，却和刺猬一样硌牙——他是爱无能，他逃避所有，他看不到乔瓦尼抑或是赫拉，他像具行尸走肉般在世间穿行；赫拉找不到人生的锚点，渴求一段捆绑的关系来麻痹自己以开启世俗的幸福……房间像是一段关系的隐喻，起初可以看到爱人笑靥如花的脸，但慢慢地就只会看到脸褶子下隐藏的污垢，爱无法缓解社会和人性等所带来的阵痛——更何况人和ta的爱一直在变化中，而爱无能更是致命的毒药。
37023820,乔瓦尼的房间,4453209008,懦弱的gay抛弃恋人欺骗直女的故事。烂俗常见的故事和文笔，评分惊了。
37023820,乔瓦尼的房间,4364236437,一口气读完了。像是一个美丽的玻璃瓶，里面装满了毒药；是一场无法承受的告解。再也不会有这样的故事。
37023820,乔瓦尼的房间,4460067487,大段大段的文字是为了凸显情绪吗？絮絮叨叨的文风，抛却社会环境，就是一个gay懦弱、没有责任心、无病呻吟的爱情悲歌，毫无魅力的主角和配角，加上莫名其妙的对宏观因素的批判，好像就成了佳作
37023820,乔瓦尼的房间,4329277469,这是一个好简单的故事，可它就是凭着细腻如尘埃的情感描摹，成为爱的经典。脆弱、羞耻、不确定、狂热，以及最为重要的，纯洁、无邪，各自碎成颗粒，然后再捏合浇筑，因此就变成了矛盾重重的情感山崖。乔瓦尼的房间，是失序、逼仄的房间，大卫终生都在逃离那个房间，这个房间已不是一个物理的空间，而是竖在他心里的墙。
37023820,乔瓦尼的房间,4339154649,赫拉和乔瓦尼都曾争取过大卫的爱，但最终他还是退回了自己的领地里，拒绝了任何人的爱。远离家乡，也远离爱人。他无法面对真实的自己，即便他心里很清楚，即便他并不抗拒肉体上的关系，他也依然对言明同性之爱感到鄙夷和恐惧。在乔瓦尼的房间里，他们品尝过快乐、焦虑、犹疑和破碎，乔瓦尼对那个房间的改造永远无法开始，永远都是漂泊的外乡人。也许抱着一起腐烂他也是愿意的，可大卫会挣脱开来。
37023820,乔瓦尼的房间,4295932781,读完觉得，“经历了一场海洋的变迁”。
37023820,乔瓦尼的房间,4356550356,世上只有为数不多几本书，蕴含了最切肤的哀恸，《乔瓦尼的房间》是其中一本。\n《乔瓦尼的房间》简中版出版很难得，书在设计、制作方面很精良。但翻译确实太拉了，腔调不对、错译漏译，存在这么严重的问题，实在很难推荐这本书了。
37023820,乔瓦尼的房间,4344045156,倾心动魄的文本\n俏丽茫然地乔瓦尼，赤裸真实的乔瓦尼，尖锐破碎的乔瓦尼，我好爱他，他对自己和世界都是一把刀子
37023820,乔瓦尼的房间,4356729322,真正的文学，语言的大师。无一句废话，文字克制，极其细微精准表达所有构建的内容。这种恐惧困囿迷惑爱的状态的极致描写证明文学之于影像的不可替代性，杰作。
37023820,乔瓦尼的房间,4345534215,鲍德温对大卫同性恋身份和根深蒂固的异性恋思想之间的拉扯刻画得实在是入木三分，每一段文字里都流淌着忧伤的曲调，细腻而哀婉，令人心碎。\n鲍德温的母亲在他三岁时嫁给了一个穷牧师，家里十二口人使得继父需要打许多份工，回家的继父会把怨气全部撒在鲍德温身上，而作为黑人的鲍德温，在外又不免被歧视，后来，饱受折磨的鲍德温走上了同性恋的道路。\n所以，大卫是鲍德温的一个影子，既希望逃离父权和家乡，又怀着对同性的难以抑制的情欲。然而，在20世纪前中期的美国，恐同现象普遍，于是，同性恋这个身份，使得大卫成为了“无家可归”的流浪汉。\n“你想离开乔瓦尼因为他害你变臭。你看不起乔瓦尼因为他不怕爱的臭味。你想要杀了他，为了你那些骗人的小道德。”\n归根结底，悲剧的根源不是大卫的犹豫不决，而是他的恐惧。\n毕竟，英雄少之又少。
37023820,乔瓦尼的房间,4356925947,哪怕不做性别议题上的批判也不好看。非要说优点的话相对来讲还算诚实但也没做到足够诚实。文笔不错可是远称不上敏锐细腻，反而有种鲍德温本人似乎也没察觉的自恋在里面。不过话说回来同性恋这不也不影响出版吗，而且这还没个别文学性强的网文写得好呢。
37023820,乔瓦尼的房间,4370432731,豆瓣有两类评分，虚高，一是同性题材，二是日剧日影，这本属于前一个。不过描写还算细致，很有场景感，给四星
37023820,乔瓦尼的房间,4329186343,第一本鲍德温，也是近期最棒的阅读体验。与《太阳照常升起》太像了，三个人的混乱、迷惘、流动的情欲关系，在巴黎这个欧美文化圈最重要的意象城市上演。不同情大卫，甚至对大卫生恨，相比于挚爱着他的、更为勇敢的赫拉和乔瓦尼，大卫才是永远深陷“房间”中、无法挣脱的矛盾体。赫拉这个形象我非常喜欢，她的对于“女性身份”、“自由”、“快乐”的定义，使得她的形象显出一种超前性。此外，三人作为美国人、意大利人与法国发生的异国碰撞，也是值得置入同类作品的题材史中探讨的。会重读！
37023820,乔瓦尼的房间,4387041749,不知道是翻译的原因，还是文本本身的原因，完全没有被触动到，作者笔下的对话像舞台剧。他力求精确的、情绪饱满的描述让我觉得很奇妙，但是过于抽象导致我总是读了后面忘前面，读完一句话不知道他想表达什么。本来对托宾蛮感兴趣的，读了导读让我有点望而却步。
37023820,乔瓦尼的房间,4353064790,男同小说里让我觉得最出彩的竟然是赫拉，她是自由坚强的，她敢爱敢放手，她无疑是书里最勇敢的人—虽然她是女人。和大卫的对比真的很明显，某些时刻我觉得这本书就像大卫的怪罪史，他不露声色的埋怨一切却避而不谈自己的糟糕。书看的非常顺只是我不太喜欢。
37023820,乔瓦尼的房间,4352609007,实在细腻\n但是看得我要吐了\n我恨里面每一个男的。。。。\n最后在我近日喜欢上的咖啡店看完了这本书\n在冬天的夜晚\n流泪\n略有寒冷的门口\n玫瑰拿铁也凉了\n而我的心被那个该死的大卫打碎了\n\n我讨厌主角的懦弱，虚伪，自欺欺人。\n也对那些过时的，不尊重女性的思想感到恶心。\n但是我不得不赞美\n作者笔下那些闪光的细腻的情感与爱，\n它们真实地打动了我。\n注定毁灭的他们，\n被改变的那部分我代替你留在我身边。
37023820,乔瓦尼的房间,4295923997,詹姆斯·鲍德温发表的第二部小说，睽违的同性题材。在《乔瓦尼的房间》中，非裔作家鲍德温没有像第一部长篇《向苍天呼喊》那样延续哈莱姆文艺复兴的黑人文学传统，而是将目光转移到巴黎，转向关注另一个长居社会权力与话语体系底层的群体—性少数群体，甚至是白人中的同性恋群体，既有乔瓦尼这样年轻漂亮却经济窘迫的“街头男孩”，也有雅克和纪尧姆这种年老色衰却受色欲的驱使外出猎艳的老同志，而核心则是大卫这种有未婚妻、受异性恋的主流意识形态胁迫、内心隐秘的欲望与情感难以宣泄的深柜形象，全书都是“我”的爱而不得的挣扎。最明显的，小说中对心情的形容总是成对且矛盾地出现。\n鲍德温将很小的一个故事写成一个精美的长篇，开头交待的乔瓦尼的结局也并没有影响阅读。像托宾所说，鲍德温笔下有滔滔不绝的雄辩，也有非常朴素的描述。
37023820,乔瓦尼的房间,4357861598,河流在我们身下经过，我吻他的背，他在感受到我的双唇时哭泣，我从他的背上剪下一片影子，放进春天，让风带走。
37023820,乔瓦尼的房间,4391064717,乔瓦尼的房间曾经是如此的温柔甜美，让大卫一次次地沉溺；但后来乔瓦尼的房间变成了黑暗的无底洞、囚禁大卫的牢笼。大卫就是一个悲惨的垃圾——少年时和乔伊的相处让他意识到自己的酷儿身份，但他随即非常冷漠自私地暴力对待乔伊；他和赫拉交往、上床；他与乔瓦尼缠绵后又利用赫拉来回避乔瓦尼……他利用乔伊完成性和身份认同的启蒙，利用乔瓦尼完成欲念的释放，利用赫拉来证明自己依旧是一个“正常人”、是一个“男子汉”。勇敢的乔瓦尼杀死了纪尧姆，勇敢的赫拉离开了大卫，只有大卫始终在逃避，恐惧和怯懦吞噬了爱的可能性，大卫将一辈子都生活在牢笼里。
37023820,乔瓦尼的房间,4352188357,其他都好，但无法全然沉浸鲍德温仍然在于，道德意味总是过剩
37023820,乔瓦尼的房间,4436074211,他没说他的恐惧和羞耻，但你从他的痛苦、挣扎、逃避、丑陋和自私里窥见了全貌。审视对与错、道德与不道德、正常与不正常永远是叙述的意义。值得更好的译本。
37023820,乔瓦尼的房间,4342084224,4.5星推荐/情人节的最后几分钟看完这个悲情的故事/看完莫名的伤感和压抑/好好找个人爱你吧乔瓦尼
37023820,乔瓦尼的房间,4338247265,“在这里我没有说话的对象 身边没有人 我找到一个爱人 既不是男人也不是女人 不了解我 也碰不到我 你不知道晚上清醒着躺在床上 等待某人回家的感觉 你一定不知道 你什么都不知道” 控制不住泪流满面 漂亮的文字 悲哀的人性 风吹走蓝色信封的碎片 却又吹回一部分到我的身上
37023820,乔瓦尼的房间,4343236492,每一句话都像是我的思想自白，每一页纸都好像写满了对我的剖析。
37023820,乔瓦尼的房间,4354666977,故事不新鲜，跟断代或是孽子都有些相似。但是语言真好啊，文学性就流淌在大卫那些暗流涌动的内心活动里。\n最惊喜的是赫拉这个角色，赫拉的女性意识，赫拉的爱的能力，赫拉追寻的清醒以及自由，出现在《乔瓦尼的房间》这样一本同性文学里，简直就是神来之笔！太喜欢赫拉了！
37023820,乔瓦尼的房间,4344421689,怎么感觉营销的有点过头了
37023820,乔瓦尼的房间,4344205815,并没有多优秀 只不过是顶着个同性恋的噱头罢了
37023820,乔瓦尼的房间,4335623146,是我不能理解的大热……
37023820,乔瓦尼的房间,4418365116,不对胃口
37023820,乔瓦尼的房间,4443757953,后半夜着实是把我给看困了，思索着“恐同和深柜”陷入昏睡。读感跟预期相差太大，译文居然是台版原译，很奇怪，有种早几年看鳄鱼手记的混沌，也许译者本身就是想传达这种晦涩？不知道是不是年代相隔久远无法深深共情，又有种个个时代均无法兼容的共通感。唯一的女主形象还蛮立体的，真实独立有洞察力，敢爱敢恨走四方，在传统和现代之间挣扎，却也是这间房间唯一的清醒者，她像一面镜子，越是明亮越是反射出他人的绝望与懦弱，在临近妇女节这样的日子读到这样的女性段落，觉得珍贵而凌厉。几乎营造了一个全员受害者的形象，受害者又直接间接地成为加害者。大卫只爱自己，而poor 乔瓦尼，“他不过想要爱 却上了断头台”。
37023820,乔瓦尼的房间,4325484665,“没有人可以在伊甸园里待一辈子，”雅克说，“真不知道为什么”
37023820,乔瓦尼的房间,4335678782,“我的救赎之钥，不能拯救我的身体，却藏在我的肉体里。”怎么写这么好，让我每十页心碎一次。翻译也好。画面鲜明欲滴，语调敏感、悱恻、低回，有太多比喻和句子仿佛一下子可以刻死在脑海里。
37023820,乔瓦尼的房间,4345968850,仿佛这类故事的开头都是因为主人公想找寻自我，然而在这过程中主人公给自己的欲望和自由都过了火。那个房间是乔瓦尼和大卫人生短暂的交错点，却也成了两人之后走向不同人生轨迹的起始点。借助作者的文字与想象这扇小窗，我们得以窥见这段故事的开始与落幕。他们在此受过苦，他们曾经在场。
37023820,乔瓦尼的房间,4360772943,主角未免太渣了点吧。读得挺难受，不知道是翻译的原因还是本来就是这么写的，还很难懂，很多地方甚至很枯燥。
37023820,乔瓦尼的房间,4365344509,男主自私又懦弱，既不敢爱也不敢不爱。
37023820,乔瓦尼的房间,4338871296,这本书里的巴黎好忧郁，充满情欲，充满酒精。“早晨像可怕的希望压在我的双肩”，风将碎纸屑吹回大卫的身上，就好像那些痛苦会一直伴随着他一样。
37023820,乔瓦尼的房间,4371575782,贵族有自己的遮羞布，只有弱小的人才要为爱付出代价。
37023820,乔瓦尼的房间,4363455282,文笔和情节都很一般吧。对巴黎的描述让人向往。
37023820,乔瓦尼的房间,4365603242,国家是我们身上最重的一层外衣。乔瓦尼的房间是伊甸园也是深渊地狱。最勇敢的人往往被命运轻视，被投入最深的黑暗中。鲍德温写的逃离之爱，内心的争斗和煎熬，极尽真实。
37023820,乔瓦尼的房间,4371979161,如托宾在序言里所说，整本小说就像一份告解书，而手握小说的读者就是坐在告解室另一端聆听男主人公大卫忏悔和回忆的神父。\n\n大卫作为一个边缘人，总在回避他人的目光，因为惧怕被看穿同性恋的身份，害怕被社会规范审判，但当大卫和乔瓦尼相遇时，最先吸引大卫注意的，正是乔瓦尼的眼睛，一双明亮的、像早晨的星星、含着苦涩和欲望的眼睛。\n\n我喜欢这本忧郁的、唯美的情感小说的结尾，乔瓦尼被执行死刑的场景，出现在大卫的幻想中，与他在镜中凝视自己身体的场景交替在一起 （btw，镜子是小说中一件重要的装置，投射着大卫的意识、欲望和主体），很有宗教意味。\n\n“再见，乔瓦尼。”\n“再见，亲爱的。”
37023820,乔瓦尼的房间,4439130515,大卫恐惧的不仅是同性之爱的污名和男子气概的消失，更是那个从未被自己接纳的真实灵魂。作者以大卫的视角展开这个故事，我却越来越讨厌大卫，他清醒地用谎言将自己活成一座移动的牢笼，懦弱却残忍地伤人换取社会认同。他的告解和自我鞭笞令人作呕，仿佛只要承认有罪，就能豁免于真实改变的义务。\n鲍德温语言组织能力超绝，大段绮丽的场景和内心情感描写，用葡萄酒般浓稠的比喻包裹着锋利的批判，读来酣畅淋漓。乔瓦尼的房间是乌托邦，它暂时隔绝了社会目光的灼烧，终究坍缩成囚室，窗外巴黎的灯火始终在远处冷漠闪烁。回忆与当下的穿插不是叙事技巧，而是精神绞刑。大卫在此刻的每一句辩解，都被彼时的真相抽打得血肉模糊。
37023820,乔瓦尼的房间,4438348745,告解式文学，情绪饱满，文字可读性强，一再赞叹。———当感情重力超出心理可承受阙值，是不幸的开始。大卫太懦弱太自私，在同性和异性的爱里扭曲，仓皇奔突，没有一刻是光明磊落。耻于性向，难舍私欲，矛盾重重。他不爱任何人，他的父亲，他的乔瓦尼，他的赫拉，包括他自己。
37023820,乔瓦尼的房间,4348851978,早晨像可怕的希望压在我的双肩
37023820,乔瓦尼的房间,4359659993,直面真实自我才会是最小阻力路径，而一如既往的逃避带来的后果就是携带着满身苦楚与挣扎在冷风中踟蹰不前。就捂脸哭泣吧，给那些怀抱虚空的时刻。
37023820,乔瓦尼的房间,4338729075,头一回读鲍德温的小说，写得好！
