book_id,book_title,author,cover_url,publisher,pub_year,book_url,comment_id,user,rating
37212965,源代码,[美] 比尔·盖茨,https://img9.doubanio.com/view/subject/s/public/s35075224.jpg,,2025-1,https://book.douban.com/subject/37212965/,4433914117,虬戈翼王,推荐
37212965,源代码,[美] 比尔·盖茨,https://img9.doubanio.com/view/subject/s/public/s35075224.jpg,,2025-1,https://book.douban.com/subject/37212965/,4434818705,辰丁,力荐
37212965,源代码,[美] 比尔·盖茨,https://img9.doubanio.com/view/subject/s/public/s35075224.jpg,,2025-1,https://book.douban.com/subject/37212965/,4438728566,六月雪,No rating
37212965,源代码,[美] 比尔·盖茨,https://img9.doubanio.com/view/subject/s/public/s35075224.jpg,,2025-1,https://book.douban.com/subject/37212965/,4440210851,Jimmy47,力荐
37212965,源代码,[美] 比尔·盖茨,https://img9.doubanio.com/view/subject/s/public/s35075224.jpg,,2025-1,https://book.douban.com/subject/37212965/,4450271714,·端口,力荐
37212965,源代码,[美] 比尔·盖茨,https://img9.doubanio.com/view/subject/s/public/s35075224.jpg,,2025-1,https://book.douban.com/subject/37212965/,4430086749,Tim,推荐
37212965,源代码,[美] 比尔·盖茨,https://img9.doubanio.com/view/subject/s/public/s35075224.jpg,,2025-1,https://book.douban.com/subject/37212965/,4446451284,朱木,力荐
37212965,源代码,[美] 比尔·盖茨,https://img9.doubanio.com/view/subject/s/public/s35075224.jpg,,2025-1,https://book.douban.com/subject/37212965/,4437205523,皮皮吃杯酒,力荐
37212965,源代码,[美] 比尔·盖茨,https://img9.doubanio.com/view/subject/s/public/s35075224.jpg,,2025-1,https://book.douban.com/subject/37212965/,4457418676,耶！神奇,推荐
37212965,源代码,[美] 比尔·盖茨,https://img9.doubanio.com/view/subject/s/public/s35075224.jpg,,2025-1,https://book.douban.com/subject/37212965/,4442866847,江湖遠人,还行
37212965,源代码,[美] 比尔·盖茨,https://img9.doubanio.com/view/subject/s/public/s35075224.jpg,,2025-1,https://book.douban.com/subject/37212965/,4472038994,elice,力荐
37212965,源代码,[美] 比尔·盖茨,https://img9.doubanio.com/view/subject/s/public/s35075224.jpg,,2025-1,https://book.douban.com/subject/37212965/,4468407458,🌈^_^✨,推荐
37212965,源代码,[美] 比尔·盖茨,https://img9.doubanio.com/view/subject/s/public/s35075224.jpg,,2025-1,https://book.douban.com/subject/37212965/,4434287990,sensor,力荐
37212965,源代码,[美] 比尔·盖茨,https://img9.doubanio.com/view/subject/s/public/s35075224.jpg,,2025-1,https://book.douban.com/subject/37212965/,4448856232,杨家小九儿,力荐
37212965,源代码,[美] 比尔·盖茨,https://img9.doubanio.com/view/subject/s/public/s35075224.jpg,,2025-1,https://book.douban.com/subject/37212965/,4445491199,Tina,推荐
37212965,源代码,[美] 比尔·盖茨,https://img9.doubanio.com/view/subject/s/public/s35075224.jpg,,2025-1,https://book.douban.com/subject/37212965/,4422729463,沈公子,推荐
37212965,源代码,[美] 比尔·盖茨,https://img9.doubanio.com/view/subject/s/public/s35075224.jpg,,2025-1,https://book.douban.com/subject/37212965/,4441134468,Xu Kun,力荐
37212965,源代码,[美] 比尔·盖茨,https://img9.doubanio.com/view/subject/s/public/s35075224.jpg,,2025-1,https://book.douban.com/subject/37212965/,4464646435,詹尼花儿,力荐
37212965,源代码,[美] 比尔·盖茨,https://img9.doubanio.com/view/subject/s/public/s35075224.jpg,,2025-1,https://book.douban.com/subject/37212965/,4435201821,zero,力荐
37212965,源代码,[美] 比尔·盖茨,https://img9.doubanio.com/view/subject/s/public/s35075224.jpg,,2025-1,https://book.douban.com/subject/37212965/,4460056432,豆友FtmOFKFCl4,力荐
37212965,源代码,[美] 比尔·盖茨,https://img9.doubanio.com/view/subject/s/public/s35075224.jpg,,2025-1,https://book.douban.com/subject/37212965/,4421789875,无人知晓,还行
37212965,源代码,[美] 比尔·盖茨,https://img9.doubanio.com/view/subject/s/public/s35075224.jpg,,2025-1,https://book.douban.com/subject/37212965/,4456706693,柴chuai望天呆,力荐
37212965,源代码,[美] 比尔·盖茨,https://img9.doubanio.com/view/subject/s/public/s35075224.jpg,,2025-1,https://book.douban.com/subject/37212965/,4473923821,何民三,推荐
37212965,源代码,[美] 比尔·盖茨,https://img9.doubanio.com/view/subject/s/public/s35075224.jpg,,2025-1,https://book.douban.com/subject/37212965/,4440568962,Mr.X,力荐
37212965,源代码,[美] 比尔·盖茨,https://img9.doubanio.com/view/subject/s/public/s35075224.jpg,,2025-1,https://book.douban.com/subject/37212965/,4484351305,洛克肉,推荐
37212965,源代码,[美] 比尔·盖茨,https://img9.doubanio.com/view/subject/s/public/s35075224.jpg,,2025-1,https://book.douban.com/subject/37212965/,4478967954,xukanshan,No rating
37212965,源代码,[美] 比尔·盖茨,https://img9.doubanio.com/view/subject/s/public/s35075224.jpg,,2025-1,https://book.douban.com/subject/37212965/,4490292539,Joy,力荐
37212965,源代码,[美] 比尔·盖茨,https://img9.doubanio.com/view/subject/s/public/s35075224.jpg,,2025-1,https://book.douban.com/subject/37212965/,4489957420,是西西吖,推荐
37212965,源代码,[美] 比尔·盖茨,https://img9.doubanio.com/view/subject/s/public/s35075224.jpg,,2025-1,https://book.douban.com/subject/37212965/,4461755946,city,力荐
37212965,源代码,[美] 比尔·盖茨,https://img9.doubanio.com/view/subject/s/public/s35075224.jpg,,2025-1,https://book.douban.com/subject/37212965/,4461346921,tailll,推荐
37212965,源代码,[美] 比尔·盖茨,https://img9.doubanio.com/view/subject/s/public/s35075224.jpg,,2025-1,https://book.douban.com/subject/37212965/,4451924266,方虎虎,推荐
37212965,源代码,[美] 比尔·盖茨,https://img9.doubanio.com/view/subject/s/public/s35075224.jpg,,2025-1,https://book.douban.com/subject/37212965/,4451025743,Elephant,还行
37212965,源代码,[美] 比尔·盖茨,https://img9.doubanio.com/view/subject/s/public/s35075224.jpg,,2025-1,https://book.douban.com/subject/37212965/,4461846219,异乡异客,力荐
37212965,源代码,[美] 比尔·盖茨,https://img9.doubanio.com/view/subject/s/public/s35075224.jpg,,2025-1,https://book.douban.com/subject/37212965/,4462012179,blowinwind,推荐
37212965,源代码,[美] 比尔·盖茨,https://img9.doubanio.com/view/subject/s/public/s35075224.jpg,,2025-1,https://book.douban.com/subject/37212965/,4453120914,Zain al-Rafeea,力荐
37212965,源代码,[美] 比尔·盖茨,https://img9.doubanio.com/view/subject/s/public/s35075224.jpg,,2025-1,https://book.douban.com/subject/37212965/,4450377385,vandu,No rating
37212965,源代码,[美] 比尔·盖茨,https://img9.doubanio.com/view/subject/s/public/s35075224.jpg,,2025-1,https://book.douban.com/subject/37212965/,4450678008,xusparrow,力荐
37212965,源代码,[美] 比尔·盖茨,https://img9.doubanio.com/view/subject/s/public/s35075224.jpg,,2025-1,https://book.douban.com/subject/37212965/,4450837592,hx,力荐
37212965,源代码,[美] 比尔·盖茨,https://img9.doubanio.com/view/subject/s/public/s35075224.jpg,,2025-1,https://book.douban.com/subject/37212965/,4451200872,风铃,还行
37212965,源代码,[美] 比尔·盖茨,https://img9.doubanio.com/view/subject/s/public/s35075224.jpg,,2025-1,https://book.douban.com/subject/37212965/,4447758205,tznxxdcckxk,力荐
37212965,源代码,[美] 比尔·盖茨,https://img9.doubanio.com/view/subject/s/public/s35075224.jpg,,2025-1,https://book.douban.com/subject/37212965/,4460001042,22ANDME,推荐
37212965,源代码,[美] 比尔·盖茨,https://img9.doubanio.com/view/subject/s/public/s35075224.jpg,,2025-1,https://book.douban.com/subject/37212965/,4463258797,心若无涯,推荐
37212965,源代码,[美] 比尔·盖茨,https://img9.doubanio.com/view/subject/s/public/s35075224.jpg,,2025-1,https://book.douban.com/subject/37212965/,4465904994,huier,力荐
37212965,源代码,[美] 比尔·盖茨,https://img9.doubanio.com/view/subject/s/public/s35075224.jpg,,2025-1,https://book.douban.com/subject/37212965/,4465239427,perfect,力荐
37212965,源代码,[美] 比尔·盖茨,https://img9.doubanio.com/view/subject/s/public/s35075224.jpg,,2025-1,https://book.douban.com/subject/37212965/,4466946975,請勿善忘,推荐
37212965,源代码,[美] 比尔·盖茨,https://img9.doubanio.com/view/subject/s/public/s35075224.jpg,,2025-1,https://book.douban.com/subject/37212965/,4475303703,Kid A,力荐
37212965,源代码,[美] 比尔·盖茨,https://img9.doubanio.com/view/subject/s/public/s35075224.jpg,,2025-1,https://book.douban.com/subject/37212965/,4480856124,蛋生,较差
37212965,源代码,[美] 比尔·盖茨,https://img9.doubanio.com/view/subject/s/public/s35075224.jpg,,2025-1,https://book.douban.com/subject/37212965/,4470043084,lqwehr2150,还行
37212965,源代码,[美] 比尔·盖茨,https://img9.doubanio.com/view/subject/s/public/s35075224.jpg,,2025-1,https://book.douban.com/subject/37212965/,4476951043,谦_琎,力荐
37212965,源代码,[美] 比尔·盖茨,https://img9.doubanio.com/view/subject/s/public/s35075224.jpg,,2025-1,https://book.douban.com/subject/37212965/,4474716665,那是只松鼠嘛,No rating
37212965,源代码,[美] 比尔·盖茨,https://img9.doubanio.com/view/subject/s/public/s35075224.jpg,,2025-1,https://book.douban.com/subject/37212965/,4478687733,深夜球迷,还行
37212965,源代码,[美] 比尔·盖茨,https://img9.doubanio.com/view/subject/s/public/s35075224.jpg,,2025-1,https://book.douban.com/subject/37212965/,4481073298,yusen,力荐
37212965,源代码,[美] 比尔·盖茨,https://img9.doubanio.com/view/subject/s/public/s35075224.jpg,,2025-1,https://book.douban.com/subject/37212965/,4481247738,杰克船长,力荐
37212965,源代码,[美] 比尔·盖茨,https://img9.doubanio.com/view/subject/s/public/s35075224.jpg,,2025-1,https://book.douban.com/subject/37212965/,4487288461,solo,力荐
37212965,源代码,[美] 比尔·盖茨,https://img9.doubanio.com/view/subject/s/public/s35075224.jpg,,2025-1,https://book.douban.com/subject/37212965/,4489349441,15-,力荐
37212965,源代码,[美] 比尔·盖茨,https://img9.doubanio.com/view/subject/s/public/s35075224.jpg,,2025-1,https://book.douban.com/subject/37212965/,4489599358,翼心,力荐
37212965,源代码,[美] 比尔·盖茨,https://img9.doubanio.com/view/subject/s/public/s35075224.jpg,,2025-1,https://book.douban.com/subject/37212965/,4487473455,朱棣,力荐
37212965,源代码,[美] 比尔·盖茨,https://img9.doubanio.com/view/subject/s/public/s35075224.jpg,,2025-1,https://book.douban.com/subject/37212965/,4488156187,苦难的历程,还行
37212965,源代码,[美] 比尔·盖茨,https://img9.doubanio.com/view/subject/s/public/s35075224.jpg,,2025-1,https://book.douban.com/subject/37212965/,4479695581,海牙,力荐
37212965,源代码,[美] 比尔·盖茨,https://img9.doubanio.com/view/subject/s/public/s35075224.jpg,,2025-1,https://book.douban.com/subject/37212965/,4487605244,ted,力荐
37212965,源代码,[美] 比尔·盖茨,https://img9.doubanio.com/view/subject/s/public/s35075224.jpg,,2025-1,https://book.douban.com/subject/37212965/,4441982183,wqh,力荐
37212965,源代码,[美] 比尔·盖茨,https://img9.doubanio.com/view/subject/s/public/s35075224.jpg,,2025-1,https://book.douban.com/subject/37212965/,4451293288,罗歌,还行
37212965,源代码,[美] 比尔·盖茨,https://img9.doubanio.com/view/subject/s/public/s35075224.jpg,,2025-1,https://book.douban.com/subject/37212965/,4463197910,w2jmoe,No rating
37212965,源代码,[美] 比尔·盖茨,https://img9.doubanio.com/view/subject/s/public/s35075224.jpg,,2025-1,https://book.douban.com/subject/37212965/,4451663898,Jack,力荐
37212965,源代码,[美] 比尔·盖茨,https://img9.doubanio.com/view/subject/s/public/s35075224.jpg,,2025-1,https://book.douban.com/subject/37212965/,4478680397,仔西,力荐
37212965,源代码,[美] 比尔·盖茨,https://img9.doubanio.com/view/subject/s/public/s35075224.jpg,,2025-1,https://book.douban.com/subject/37212965/,4442193864,水听冬,力荐
37212965,源代码,[美] 比尔·盖茨,https://img9.doubanio.com/view/subject/s/public/s35075224.jpg,,2025-1,https://book.douban.com/subject/37212965/,4450517365,不回头的弧线,力荐
37212965,源代码,[美] 比尔·盖茨,https://img9.doubanio.com/view/subject/s/public/s35075224.jpg,,2025-1,https://book.douban.com/subject/37212965/,4467064282,J.Bond,力荐
37212965,源代码,[美] 比尔·盖茨,https://img9.doubanio.com/view/subject/s/public/s35075224.jpg,,2025-1,https://book.douban.com/subject/37212965/,4478252837,凯豆,推荐
37212965,源代码,[美] 比尔·盖茨,https://img9.doubanio.com/view/subject/s/public/s35075224.jpg,,2025-1,https://book.douban.com/subject/37212965/,4442231563,子非秋月,力荐
