book_id,book_title,author,cover_url,publisher,pub_year,book_url,comment_id,user,content,rating
37017264,〇〇年代的想象力,宇野常宽,https://img9.doubanio.com/view/subject/s/public/s34976684.jpg,,2024-11,https://book.douban.com/subject/37017264/,4283838597,𝑾𝒂𝒍𝒅𝒆𝒊𝒏𝒔𝒂𝒎𝒌𝒆𝒊𝒕,宇野常宽的洞察力的确不俗，非常擅长从看似单一的作品或事件中提炼出某种文化心理结构或者说“时代精神”。但问题也正在于此：将90年代文化等同于碇真嗣，将00年代文化等同于夜神月，无疑是一种过分漂亮因而也过分危险的概括。那么，我们是否需要接着为“已成黄昏”（如果是的话）的10年代文化再找一位代言人？艾伦·耶格尔，还是别的谁？在这一点上，宇野有点像是一个不接受文化终结论的黑格尔：他爱历史，爱他本人所见证的历史时代（上一个、这一个、下一个），但他所理解的历史性本身却又是非历史的。,推荐
37017264,〇〇年代的想象力,宇野常宽,https://img9.doubanio.com/view/subject/s/public/s34976684.jpg,,2024-11,https://book.douban.com/subject/37017264/,4286182516,Cambrian,比屋顶现视研的民翻好吗？,推荐
37017264,〇〇年代的想象力,宇野常宽,https://img9.doubanio.com/view/subject/s/public/s34976684.jpg,,2024-11,https://book.douban.com/subject/37017264/,4286222373,阿阿阿阿阿潘,读到270页大感意外作者竟认为世界变好了！但确实大受启发，让我（胆大包天地）拿来评论今年三个喜剧节目的冠军。大逃杀系刘旸：卷王bio《爱拼才会赢》就是大逃杀。世界系付航：“只要你敢于做自己，总有人会爱上你”，女人无条件对男主全面肯定，保证后者全能感。空气系漫才兄弟：没有宏大叙事，不触碰任何政治议题，只有内在于日常的浪漫。,力荐
37017264,〇〇年代的想象力,宇野常宽,https://img9.doubanio.com/view/subject/s/public/s34976684.jpg,,2024-11,https://book.douban.com/subject/37017264/,4337007436,甚谁,推荐语绷。其实感觉没有那么必读，如果只读这本很容易就滑坡到王博士的二次元存在主义。背后的文脉其实不如先看前岛贤那本读解世界系。,还行
37017264,〇〇年代的想象力,宇野常宽,https://img9.doubanio.com/view/subject/s/public/s34976684.jpg,,2024-11,https://book.douban.com/subject/37017264/,4338797207,Yisensei04,好用，但诸如决断主义之类的语词也易被玩烂。宇野有语境、体系化的著作还得看《母性的敌托邦》。,推荐
37017264,〇〇年代的想象力,宇野常宽,https://img9.doubanio.com/view/subject/s/public/s34976684.jpg,,2024-11,https://book.douban.com/subject/37017264/,4355151400,卷羽潜鸭,读完了，看完之后我觉得mygo是这三十年来想象力的集大成：乐队（新中间共同体）、灯（家里蹲/心理主义）、soyo和rikki（母性重力）、爱音、乐奈（决断主义/“相信相信之物”，不知道原因还要做出选择）,力荐
37017264,〇〇年代的想象力,宇野常宽,https://img9.doubanio.com/view/subject/s/public/s34976684.jpg,,2024-11,https://book.douban.com/subject/37017264/,4283930922,Walt,以专著的标准来衡量，这本书结构太散，信息密度低，看着厚实际上一晚上就能读完。战后日本批评界的确敏锐地抓住了自我与世界如何通过一个合适的中介得以联结的现代性问题，宇野常宽在这个脉络中甚至都算得上有一定原创性的作者了。但这样一个足以用小-中-大结构加以概括的现实是失真的，这套在历时层面涉及到5-10年的三段划分其实没什么解释力，和柄谷的60年循环论一样属于一拍脑袋的产物。他在自己遴选的作品范围内是有解释力的，所以这本书的真相不在他说了什么，而在于他选了什么，即什么作品是可欲的。他只能提供一个“私评论”，从而依旧只是他所谓的小叙事——一个在叙事外部看来或许十分愚蠢的选择。在读完亚文化论后再来读这本书，比较失望。,还行
37017264,〇〇年代的想象力,宇野常宽,https://img9.doubanio.com/view/subject/s/public/s34976684.jpg,,2024-11,https://book.douban.com/subject/37017264/,4346768073,扭腰客,其实本书翻译非常好，译者对日本文化也十分了解，不过原著实在是高度有限，深度欠缺,还行
37017264,〇〇年代的想象力,宇野常宽,https://img9.doubanio.com/view/subject/s/public/s34976684.jpg,,2024-11,https://book.douban.com/subject/37017264/,4343107278,Green Bin,看这本的时候，时刻感觉被观点的星星击中，激动得不行，然后让自己强装冷静——淡定，这可是社科作品啊！非常具有启发性的作品，已经可以立马精准反应并识别年少无知时吃的“屎”了!作者仿佛具备“少年老成”的气质，可以对处于世界变化的作品特质敏锐洞察与严谨分析，但不失年轻者的大胆先锋与通透感，甚至读到最后会感受到寂静理智的温柔感。好像看到了二次元中二病日系文艺的亚比世界里，存在着自己的六度分割法则，接触认识或不认识的作品，在脉络中分裂结合，像给自己的认知进行了一次基因编码。完全不需要有【我完全不认识这些作品，因而读不进去】的担忧，作者有着将完全陌生的作品，拆解讲述得乐趣满满且观点多多的魔法，有时只需要一句话我就已加入待读｜看。第一次有【一定不要错过注释信息啊】的阅读体验，怎么会有人在注释里写文章!orz,力荐
37017264,〇〇年代的想象力,宇野常宽,https://img9.doubanio.com/view/subject/s/public/s34976684.jpg,,2024-11,https://book.douban.com/subject/37017264/,4383278230,怪人999,如果标题让人一眼就能知道本书内容是什么，比如《日本亚文化谱系中的叙事模式变迁》，那么我就可以省下35块钱。\n另外这本书带来的一个教训是：看引进版图书时别去读原版中没有的导读部分。,较差
37017264,〇〇年代的想象力,宇野常宽,https://img9.doubanio.com/view/subject/s/public/s34976684.jpg,,2024-11,https://book.douban.com/subject/37017264/,4413838159,🌸五月雨永远🌸,这两年国内陆续进的这些宅学著作，预计又能养活一帮学点新词就刷时髦的AI型学者。但这种外部社会研究说实话我是读不下去。虽然宅属于社会文化，我以为更值得做的是比如以少女漫画回答我的归属在哪里的心理关切意识；再次几档，对象是战斗美少女的精神分析；又次几档，立动物化后现代的靶再搬套还算清楚友好的数据库萌要素填充；最无趣的就是先预设历史脉络和时代语境的特定事件群体再报菜名，仿佛默认霓虹以外的读者都能接受其记忆之场。要说决断主义我宁可相信二次元自身即乌托邦，无需外部世界的观测，“无国界性”才是共通的漫符，不因你是哪儿的阿宅就有理解障碍，相隔的只是距离。这方面欧美还显得更世界主义，不知是不是认知陌生化保持的热忱和新奇。而披着宅学的社会研究不仅没有为宅言说，甚至忘了宅是来自现实社会的逃离和逆反的虚构至上者。,还行
37017264,〇〇年代的想象力,宇野常宽,https://img9.doubanio.com/view/subject/s/public/s34976684.jpg,,2024-11,https://book.douban.com/subject/37017264/,4337909229,治愈系波奇饭,有的地方写太好主要是宇野常宽又看宫9又看木皿泉最后洒洒水一样小提一下山下敦弘给人一种怎么重合度这么高品味这么好那不得不信一下的感觉，那些将先天程序与童年创伤决定一切的世界作为舞台的作品，既无法通往生，也无法通往死，只能在表面滑行。但很多地方也太二次元了（如果可以这么形容的话）最后的总结真的自带语音尴尬得我脸都烫了，洋洋洒洒三百多页如何克服决断主义最后得出结论：把门打开，然后，向看到的那个人，伸出手吧。什么啊！！！我真的捏耳朵降温，什么啊！！！！！！,推荐
37017264,〇〇年代的想象力,宇野常宽,https://img9.doubanio.com/view/subject/s/public/s34976684.jpg,,2024-11,https://book.douban.com/subject/37017264/,4431764568,SoccerObsidian,非常、非常、非常糟糕的一部文化研究，首先因为日本这块的文化研究已经很有年头了只是引进比较晚我也懒得就不同时代语境分开掰扯，单就此书而言我觉得就是只能用邪恶来形容。我觉得研究做到一个最邪恶的地步是什么样呢，就是你看不到这些吊爆无敌的学术大师对于被观测者哪怕有一点平等的、纯粹的关怀我想说，高位顺男对低端顺男的东亚大家长式揶揄+温和规劝，这种东西如果你觉得能对你的生活与实践大有裨益，我除了解释为你本身就想成为这样的一个大家长真的没有其他说法了。我觉得东浩纪深柜都算不上，反而是在东浩纪的缺陷上走得更加极端，而把东浩纪有价值的地方处理得更加平面。,很差
37017264,〇〇年代的想象力,宇野常宽,https://img9.doubanio.com/view/subject/s/public/s34976684.jpg,,2024-11,https://book.douban.com/subject/37017264/,4289863982,伊夏,精彩啊宇野老师，二次元三次元居然可以被解读到这种地步！没想到EVA里面那句“真恶心”对死宅们有这么大的杀伤力，以后再也不维护男性沙文主义那“安全而疼痛的自省”了。而日本受美国影响真的太深，深到“911”仿佛同时摧毁了两个国家。日本被“小男孩”伤害过，同时也几乎变成了一个精神上永远无法成熟的“小男孩”。或许当代中国有相当一部分人（或许也包括我自己吧）也如“十二岁少年”般脆弱，但我们一定会试着站的，如书后宇野访谈里说的那样，汲取亚文化里自由的部分，怀抱可以“与妖怪同居”的觉悟，自己找到生存的意义。,力荐
37017264,〇〇年代的想象力,宇野常宽,https://img9.doubanio.com/view/subject/s/public/s34976684.jpg,,2024-11,https://book.douban.com/subject/37017264/,4332016198,豆友PUDg0ABujg,千田洋幸：宇野所借尸还魂的，是那个谈及文化的创造物时，对理论的无知且无自觉能被允许的、非知性时代的亡灵。他抹杀了80到90年代构成文化核心的人文知识的历史，追求直接性、短路式的交流，抓住了年轻读者对90年代式知识不再抱有希望的心理，在批判性知性的废墟之上建立了作为作家的稳固地位。,还行
37017264,〇〇年代的想象力,宇野常宽,https://img9.doubanio.com/view/subject/s/public/s34976684.jpg,,2024-11,https://book.douban.com/subject/37017264/,4327355085,车百万,必读,力荐
37017264,〇〇年代的想象力,宇野常宽,https://img9.doubanio.com/view/subject/s/public/s34976684.jpg,,2024-11,https://book.douban.com/subject/37017264/,4395092317,灰狼,确实是很有想象力 也是我很想给他写一本中国文化平行版本的那种 可惜的是这种文化出版条件下做不出来 但需要明确的是宇野常宽问题意识太强了 中间的破绽和问题就特别明显 真正说透的地方也不多 他的批判模型虽然看似合理 但都是只挑选那些有利阐释的个案 而忽略了同时代无数的反例 这就是批评家的通病（同北大某爷）书中提及所有作品豆列在此https://www.douban.com/doulist/160578727/,推荐
37017264,〇〇年代的想象力,宇野常宽,https://img9.doubanio.com/view/subject/s/public/s34976684.jpg,,2024-11,https://book.douban.com/subject/37017264/,4350758843,笔,实在是、实在是太精彩了！无比酣畅淋漓的阅读体验。终于明白之前读东浩纪《动物化的后现代》时若有若无的违和感来自于哪里——来自于对那种“自闭式”的过分理想化、对交流意义的无视。读这本书时常惊叹于宇野的狩猎广泛，从各类游戏、电视剧到不同风格的漫画（少年漫和女性向BL都有提到），全文经常出现让人会心一笑的犀利讽刺，尤其是“母性敌托邦”和“世界系幻想”的“安全而疼痛的自我反省”之批评简直如关节内窥镜一般精确，读书全程一个字总结就是爽。我最喜欢的是宇野的乐观态度，还有，最最核心的：不是“永无止境（所以满是绝望）的日常”，而是“拥有终结（所以充满可能）的日常”，从日常中汲取物语和浪漫。\n“又要开始差不多的一天了！”“是虽然差不多，却完全不同的一天。”,力荐
37017264,〇〇年代的想象力,宇野常宽,https://img9.doubanio.com/view/subject/s/public/s34976684.jpg,,2024-11,https://book.douban.com/subject/37017264/,4350270007,ムジュラの仮面,批评家真是很有趣的一类人，很难想象就算玩个大逃杀游戏都会do mo do mo互相鞠躬谦让的日本人会有这类职业。所幸我是个情绪稳定的成年人，所以书中说《air》含有“占有白痴少女，保证自己优越地位的玩家所持有的恋爱至上主义式的、女性歧视式的欲望”，《福星小子》是“把伙伴纳入子宫的臃肿的母性暴力”也不会气得撕书（否则在看到炮轰《哈利波特》的友邻动态早就顺网线打过去了😆）。撇开那些不赞同的，书中对《野猪大改造》《池袋西口公园》的解读很有意思。一直以来，我只是作为读者/观众/玩家沉溺在作品里，从未思考创作者想传达的东西，或者说，我一直以来都认为这种做法类似于思考“窗帘为什么是蓝色的”，创作者可能只是觉得这么做比较有趣而已。但是，在目睹了《咒术回战》的末路后，我开始反思“有趣”这个出发点是否合理了,力荐
37017264,〇〇年代的想象力,宇野常宽,https://img9.doubanio.com/view/subject/s/public/s34976684.jpg,,2024-11,https://book.douban.com/subject/37017264/,4338535664,圆月球,虽然对于部分世界系创作者的批判有些双标，个人情感上不认可，但是宇野对于亚文化的观察评论都十分有趣，特别是冈崎京子、宫九和吉永史作品，针对无法逃离的郊区空间下的日常，和人物关系性的变化，不同创作者面对其物语中永不终结日常的解决思路都相当一针见血，对此类作品的评论，确实能更加了解这些作品思想的脉络。宇野对日本亚文化发展的观察而引申出的观点，对如今国内互联网依然有着批判性的作用。按照书中的说法，在如今网络环境更加极端的现在，整个互联网都陷入了决断主义者制造的游戏，不断进行针对各自小叙事团队的大逃杀，零零年的想象力不再是针对九零年代想象力的破局，而是成为2020年代想象力的魔咒，变成了真实大逃杀的入场券，信徒们都沉醉在决断主义的暴力性与支配性中，而不知日常何时终结的我们，该如何逃离大逃杀呢？,力荐
37017264,〇〇年代的想象力,宇野常宽,https://img9.doubanio.com/view/subject/s/public/s34976684.jpg,,2024-11,https://book.douban.com/subject/37017264/,4344743160,赫克托尔,童年看《玩偶游戏》《幽游白书》少年看《大逃杀》《池袋西口公园》青年看《吉祥天女》《最后的朋友》中年看《糖果子弹》的一代，读这书直接就把自己扭曲而颓废的过程捋顺了哈哈哈哈哈哈哈哈,力荐
37017264,〇〇年代的想象力,宇野常宽,https://img9.doubanio.com/view/subject/s/public/s34976684.jpg,,2024-11,https://book.douban.com/subject/37017264/,4369824525,竹光漾月,从一开始，宇野就是不折不扣的二元论者——在问题设定之初便画下一道鲜明的分界线，区隔了大叙事与小叙事、过去与现在...可是，高达真的仅仅只是驾驶员社会性实现的道具吗？00年代空气系日常中的浪漫难道不也在哈代笔下的乡村、厄普代克或尤利西斯那平凡人的史诗中若隐若现？如果后现代状况真的存在过且吞没了90年代，在00年代发展成熟，那这个新右翼与保守性大叙事卷土重来的20年代又该如何？世界系固然残留着男性视角的自恋与草食性沙文主义，但暂且不论现实中的御宅根本连“沙文”的资格都不具备，单论虚构作品中被他人无条件爱着的情形，我不认为只有强行占有弱者并让渡决断责任这一条路可走，世界系也不是95年想象力的全部。宇野的论断其实很准确，但执着于为时代、为观念画线却限制了他的视野，于是他比东浩纪看到的更多，但又太少。,推荐
37017264,〇〇年代的想象力,宇野常宽,https://img9.doubanio.com/view/subject/s/public/s34976684.jpg,,2024-11,https://book.douban.com/subject/37017264/,4401623903,莫名其妙物语,宇野常宽的书翻开就知道这人缺个博士学位，引用文献从头到尾基本只有东浩纪和斋藤环。全凭自己、《大逃杀》和《木更津猫眼》就想挑战东浩纪还是有些困难，毕竟东浩纪背后有利奥塔、鲍德里亚、德里达等等一票法国理论，还有大冢英志和柄谷行人……就，真的很难讲得过他们，宇野整个论点相比之下还是太弱了。,还行
37017264,〇〇年代的想象力,宇野常宽,https://img9.doubanio.com/view/subject/s/public/s34976684.jpg,,2024-11,https://book.douban.com/subject/37017264/,4345250963,把噗,躺平之后迎来逃杀，多么像当下的中国，全员躺平正走向新现实：人人为敌的战斗状态。,推荐
37017264,〇〇年代的想象力,宇野常宽,https://img9.doubanio.com/view/subject/s/public/s34976684.jpg,,2024-11,https://book.douban.com/subject/37017264/,4340109667,乙左左,时间跨度从九十年代到现在，以动漫作品作为分析的切入点，讨论“〇〇年代的想象力”其实内部讨论的是个人叙事如何与“世界系”产生联系直至失效，而失效之后的个人该如何与共同体做连接，不管是在这种失效之后的“家里蹲”式的自闭反应还是进入“决断主义”和“幸存系”模式，人终究无法逃避叙事。几部熟悉的动画《EVA》《死亡笔记》《犬夜叉》等等作为不同阶段“想象力”的分析案例都很到位，甚至令我诧异当时观看这些居然没有想到它们内部的含义，特别是剧场版《EVA》结尾被明日香拒绝的那部分，书中作者的分析令人耳目一新。还好这本称得上既好懂（都以动漫为例）又难懂（专业术语遍地）的书最后没有走进“斯多葛主义”或者“既然改变不了世界，就小心谨慎地活着”这样的结论，而是更积极，个体应该自我筹备价值和意义，一种开阔和自由。,力荐
37017264,〇〇年代的想象力,宇野常宽,https://img9.doubanio.com/view/subject/s/public/s34976684.jpg,,2024-11,https://book.douban.com/subject/37017264/,4343225584,维参,宇野常宽的文化研究建基于相对松弛的框架之上，其作品分析/物语-社会结构/世界的关联循环并不如设想的那样坚固，但这或许本就是〇〇年代想象力的意旨：经由动漫、游戏或偶像团体说出的“心里话”，只有在说出后才确定下来；如果有人捷足先登，以另一种方式言说，我们依然会发现那是自己所想说的——我们混沌的内心犹如混沌社会的映射。无论这些话是对角色形象的认可，还是关乎生存的行动。因此，宇野认为物语具备解放的潜能，先是对自由的确认，亦是破灭后重建的样板，即使我们是被抛入、被解散到这自由。在有物的世界里寻获、创造物语，似乎张开了让物/他者/外界开口说话的世界，从而被提至复魅/赋魅的天堂。令人困扰的是，我们究竟要着陆还是被提？,推荐
37017264,〇〇年代的想象力,宇野常宽,https://img9.doubanio.com/view/subject/s/public/s34976684.jpg,,2024-11,https://book.douban.com/subject/37017264/,4340174355,透明的香蕉鱼,整本书都在反驳《动物化的后现代》，感觉两家像商量好的一样。导读基本上可以替代阅读全书内容，这绝对既是导读的问题也是作者的问题。这里面最熟悉的动画竟然是凉宫春日，至今没看完eva被剧透得很彻底。期待作者评论新时代的虚无派、超度派、烂尾派，巨人、宝石之国、约定的梦幻岛……,推荐
37017264,〇〇年代的想象力,宇野常宽,https://img9.doubanio.com/view/subject/s/public/s34976684.jpg,,2024-11,https://book.douban.com/subject/37017264/,4362768062,豌豆草,清晰好读！还种草了很多日漫日影（就是怕剧透的要小心了），明白了为啥当初不喜欢eva（毕竟我是过了青春期才看的）。我们处在冰冷、难懂的社会，但宏大叙事的意义不再有效、人人生活在碎片之中又给了我们自由。\n每一章对章节主题和相关作品的解析都很有意思，尤其是10母性敌托邦和14青春存在于何处对我来说很新。\n\n“永无止境的日常”是难熬的，但是“有终结的日常”给了我们找寻意义的可能性。跨越一个时代不是背过身去也不是委身其中，而是一边祝福一边克服这个时代。“向与自己不同的他人伸出手”，作者的解法充满人类学的天真（无贬义），读起来似曾相识甚至有点让人疲倦，但这好像又确实是唯一的解法。,推荐
37017264,〇〇年代的想象力,宇野常宽,https://img9.doubanio.com/view/subject/s/public/s34976684.jpg,,2024-11,https://book.douban.com/subject/37017264/,4347815712,捨之介,回忆那些年被宫九作品击中的时刻。以虚构来想象和构建当代危机的出口，感谢那一个个笔耕不辍的作者们。期待宇野常宽更多的作品。,力荐
37017264,〇〇年代的想象力,宇野常宽,https://img9.doubanio.com/view/subject/s/public/s34976684.jpg,,2024-11,https://book.douban.com/subject/37017264/,4348734435,量子阿司匹林,先表扬下译者，一看就下了功夫（是资深二次元）。从“数据库”到“大逃杀”的逻辑基本自洽，细想之下也不过是韦伯多元价值“诸神之战”在另一个领域的表达和延伸。前几天和一位心理学研究生交流，他说认知心理学才是主流，因为容易发paper，弗洛伊德/精神分析那一套早就不是显学啦。但是作为心理学子学科，精神分析的普及力度可能是最广泛的吧（我乱说的），衔接各类文艺作品，对其展开剖析，这很有趣不是吗。,推荐
37017264,〇〇年代的想象力,宇野常宽,https://img9.doubanio.com/view/subject/s/public/s34976684.jpg,,2024-11,https://book.douban.com/subject/37017264/,4389221167,抒情小孩,我一直不感兴趣EVA和死亡笔记，原来是因为我成长在一个已经接受大逃杀为游戏规则的时代。10年开始是对游戏规则进行全面质疑的时期，在世界上由身份和性别政治掀起了全面的对现有规则的反对，但日本的亚文化在10年代后期远离了这一趋势，也渐渐失去了它的先锋性。,力荐
37017264,〇〇年代的想象力,宇野常宽,https://img9.doubanio.com/view/subject/s/public/s34976684.jpg,,2024-11,https://book.douban.com/subject/37017264/,4376730906,Sam_Sara,喜欢这份天真和温柔,力荐
37017264,〇〇年代的想象力,宇野常宽,https://img9.doubanio.com/view/subject/s/public/s34976684.jpg,,2024-11,https://book.douban.com/subject/37017264/,4346448261,听雪忆暗香,”00年代的想象力”认为泡沫经济破裂与大叙事瓦解后出现的新世纪福音战士标志着日本年轻一代放弃社会性的自我实现，转而寻求自我形象、角色获得认可。联想到与日本相关的一些概念如停滞的三十年、平成废宅、御宅族、低欲望社会，再看看日本的不婚率、生育率、老龄化人口比率与东京大阪以外的房地产市场。在此背景下，卷没有意义，所有卷的方向都错，不如什么都不卷也不是那么的不可信。,No rating
37017264,〇〇年代的想象力,宇野常宽,https://img9.doubanio.com/view/subject/s/public/s34976684.jpg,,2024-11,https://book.douban.com/subject/37017264/,4338165636,セシ♪,感谢编辑赠书，中翻很流畅。站在貳零年代中期回望，泡沫经济破碎后失去宏大叙事意识的九零年代，历史和社会不再是为我们提供“意义”的场所；而经历“911”之后走向决断主义的零零年代，夜神月战胜了真嗣，却和所有当代人一样，能够自由的拥有一切，反而陷入了虚无主义和前所未有的孤独。作者对ACGN各方面的亚文化均有所评论，对于吉永史的部分我个人最喜欢，她结构了虚构/浪漫创作必须通过“占有”来实现的一种结局。日本的亚文化从某种程度来说依旧是二战后“十二岁的少年”，在近十年的式微环境下依旧如此。但正如作者在结尾所说，“不必对这样的世界绝望，它依旧是自由且舒展的，只要想要，到处都是”，只要生存就不要放弃叙事，不要放弃去书写自己的物语。,推荐
37017264,〇〇年代的想象力,宇野常宽,https://img9.doubanio.com/view/subject/s/public/s34976684.jpg,,2024-11,https://book.douban.com/subject/37017264/,4334075441,Anti-momo,为了祝福时代，为了葬送时代,力荐
37017264,〇〇年代的想象力,宇野常宽,https://img9.doubanio.com/view/subject/s/public/s34976684.jpg,,2024-11,https://book.douban.com/subject/37017264/,4377610781,悖论入侵,第一次从社会变迁和年代对应的想象力角度来解读日本ACG文化，个人认为这本书就是不管你觉得他说得有没有道理、不管你认不认同，读起来都会觉得有趣。因为现在的中国和20年前的日本社会是有相似之处的，所以当步入20代，我们正好可以参考“00年代的想象力“。相比于10年代，我们眼里的世界和心里的想法确实变得更加冰冷但更自由了，但正如《逃避自由》中写的那样，我们习惯了世界赋予的意义，当这些意义崩塌时，我们会无所适从，或是像本书中说的陷入决断主义，只相信自己想要相信的。这种时候，要消解暴力和闭塞，就要打开心门，走出去，开始交流，回归日常，为自己供给意义。“如果世界让你感到无聊，最好思考一番这是否真的是世界的错。日常之中明明运转着无数物语，就看我们有没有握住它们的觉悟和意志。”每一天都是有点不一样的一天呢。,力荐
37017264,〇〇年代的想象力,宇野常宽,https://img9.doubanio.com/view/subject/s/public/s34976684.jpg,,2024-11,https://book.douban.com/subject/37017264/,4321944766,OOOOOO,决断主义的大逃杀游戏得以成立依赖于这样的前提：不同小叙事的林立一定会进入所有人对所有人的自然状态中。为什么不同小叙事（不同决断）必须相互竞争，让自己得以胜出为强者。因为小叙事证成自己依赖于自我持存，我们战胜他人或者我们战胜他人的欲望有助于我们自身对小叙事的确信。但是小叙事成立的先决条件已经是不同小叙事之间的平等，这里没有等级，你有你的决断，而我有我的决断，我们终究对他者的决断无话可说，大逃杀的外部终究有游戏的举办者，这只是大叙事的回归。请让我们相信相信的力量，叙事只是自己已经足够有力量。大逃杀游戏只是那些不坚定的小叙事的想象力范式。这种意义上我们或许不需要克服决断主义，一种非中间的共同体已经成立，门或许从来没有关上过。,推荐
37017264,〇〇年代的想象力,宇野常宽,https://img9.doubanio.com/view/subject/s/public/s34976684.jpg,,2024-11,https://book.douban.com/subject/37017264/,4358819858,土星记事,第一次读宇野常宽的文化研究。感叹他写得这样生动好看，既能感知世界的迅疾变化，也能洞见文化作品的时代精神；既有紧贴历史的尖锐提问，也有出乎意料的智识解答。译文美妙而流畅，完美演示了跨越边界的文化研究之于我们的意义：身处历史的混沌之中，仍然不放弃寻求出路。,力荐
37017264,〇〇年代的想象力,宇野常宽,https://img9.doubanio.com/view/subject/s/public/s34976684.jpg,,2024-11,https://book.douban.com/subject/37017264/,4348286925,苏幕遮,我可能是和野望气场不合，感觉适合N人，我是读不了这么像论文分析文艺但遣词造句毫不文学的集子的，就像政治老师上车，一方面扯东扯西，一方面不断援引上文和自己创设的“学习法”//仍然是东亚顺直男本位，本质上是一群男的鄙视另一群男的，是批判通过占有美少女获得人生意义的男的对“批判地”占有美少女的男的的攻击，叙事中只有男的是重要的，美少女被物化，与小猫小狗毛绒娃娃并无区别，一般女的更是被无视。//唯一让人不困的是肯定吉永史否定二十四年组一篇，一个直男别别扭扭的读耽美，然后扭扭捏捏佯装公正的指指点点，否定一些女的并肯定肯定另一些女的做的还不错，想想就很好笑啊。总结下来，还是少听（自信的）（东亚）（顺直）男性上课。,还行
37017264,〇〇年代的想象力,宇野常宽,https://img9.doubanio.com/view/subject/s/public/s34976684.jpg,,2024-11,https://book.douban.com/subject/37017264/,4358642909,法奶,非常符合豆瓣青年的气质。是一本我希望有中国对应版但没有的书。,推荐
37017264,〇〇年代的想象力,宇野常宽,https://img9.doubanio.com/view/subject/s/public/s34976684.jpg,,2024-11,https://book.douban.com/subject/37017264/,4369481907,Donuts🕳️,之前看民间翻译的单篇大为惊艳，但整本书读下来观感一般，整体阅读感太差了，阅读感像：第一节说了A观点，第二节要复述A，再讲B，第三节又要再复述一部分A，再复述B，才开始讲C。重复得到像老师生怕你记不住重点。砍掉40%的篇幅会更好更精炼。不能因为有洞察就这么啰嗦啊！,还行
37017264,〇〇年代的想象力,宇野常宽,https://img9.doubanio.com/view/subject/s/public/s34976684.jpg,,2024-11,https://book.douban.com/subject/37017264/,4414347846,Rainbowww,除了有点冗余之外，基本同我的观点一致，九十年代面临的是原来的宏大叙事解体，以EVA为代表的是告你回归自我吧，与其犯错不如什么都不做，到零零年代，实际转向了好吧总得做些什么，于是乎决断主义应运而生，强调生存，以不假思索的行动至上。可惜出得太早，其实综合来看从九十年代开始的二十年实质是宏大叙事瓦解的过程，而一零年代以后已经逐步形成了新的叙事观念，即着眼于身边的关系，恰如作者指出的决断主义是立场先行，而当下则是将关系作为孤岛链接的纽带，基于信任而构筑关系的共同体，着眼珍惜附近，恰如巨人最后艾伦不是服务于拯救帕岛而是避免朋友受害，春物里大老师最后从病态中接受了新的关系性的展开，热火剧中主角也非拯救飞机失事而是为了闺蜜顺道为之，皆是此类代表，甚至于eva从tv到最新的剧场版，则体现更甚。,No rating
37017264,〇〇年代的想象力,宇野常宽,https://img9.doubanio.com/view/subject/s/public/s34976684.jpg,,2024-11,https://book.douban.com/subject/37017264/,4341649798,暗杀十三招,同样是网络写作，宇野常宽的思想强度会让人觉得中文互联网大部分文字博主的水平连幼儿园都没毕业,No rating
37017264,〇〇年代的想象力,宇野常宽,https://img9.doubanio.com/view/subject/s/public/s34976684.jpg,,2024-11,https://book.douban.com/subject/37017264/,4342100100,拉斐尔的小迷妹,周边给的多少有点抽象,No rating
37017264,〇〇年代的想象力,宇野常宽,https://img9.doubanio.com/view/subject/s/public/s34976684.jpg,,2024-11,https://book.douban.com/subject/37017264/,4390051986,叉,宇野未必有东浩纪哲学功底深厚，但显然更会写。这本书则是从东浩纪接着写，沿着《动物化的后现代》里的问题意识，总结出九零年代到零零年代的转变，则是从“家里蹲”到“大逃杀”的转变。其实这个变化也是从规训社会到监控社会的变化。,力荐
37017264,〇〇年代的想象力,宇野常宽,https://img9.doubanio.com/view/subject/s/public/s34976684.jpg,,2024-11,https://book.douban.com/subject/37017264/,4348745533,T·S,宇野常宽在很多地方实在是骂得精彩（虽然我觉得他的如此轻率地对待严肃文学和如此乐观地对待交流仍有待商榷） 我还是欠缺作为一个二次元的自觉啊,力荐
37017264,〇〇年代的想象力,宇野常宽,https://img9.doubanio.com/view/subject/s/public/s34976684.jpg,,2024-11,https://book.douban.com/subject/37017264/,4286441075,安从延,想了想，还是五星吧。,力荐
37017264,〇〇年代的想象力,宇野常宽,https://img9.doubanio.com/view/subject/s/public/s34976684.jpg,,2024-11,https://book.douban.com/subject/37017264/,4388793253,想不出名字,从资本主义中产阶级无病呻吟的养胃文化里我们能透视出什么呢？如何在大众文化中捕捉真正有锐度的思想资源？很可惜这本书没有回答这些问题,较差
37017264,〇〇年代的想象力,宇野常宽,https://img9.doubanio.com/view/subject/s/public/s34976684.jpg,,2024-11,https://book.douban.com/subject/37017264/,4286719322,猫头鹰的唳悲忑,看得出来他真挺讨厌部分浮士德派系作家的,No rating
37017264,〇〇年代的想象力,宇野常宽,https://img9.doubanio.com/view/subject/s/public/s34976684.jpg,,2024-11,https://book.douban.com/subject/37017264/,4286707797,真是好大一张床,算是第二次看完这部书了，之前看现视研翻译的有点模模糊糊（当时理解有限），这次在东浩纪之后再看，变得清晰许多！看完的感觉就是，遭遇的依旧是（后）现代问题——在一个“冰冷却自由”的世界里，如何生活，如何与他人一起生活在这个“破碎”的世界中。宇野最后的路径十分阿伦特，他转化（引用）了塞林格那句话——“伸出手”（不是向爱人，而是向更多的伙伴）——“把门打开，然后，向看到的那个人，伸出手吧。”,No rating
37017264,〇〇年代的想象力,宇野常宽,https://img9.doubanio.com/view/subject/s/public/s34976684.jpg,,2024-11,https://book.douban.com/subject/37017264/,4365448625,momo,因缺乏一些必要的二次元知识而艰难咀嚼。。,还行
37017264,〇〇年代的想象力,宇野常宽,https://img9.doubanio.com/view/subject/s/public/s34976684.jpg,,2024-11,https://book.douban.com/subject/37017264/,4343195711,铁电拍拍,翻了一下  看得出译者是上心的；对于宇野这本书我无话可说好吧，请看原版评论。宇野自己在20年代对这本书的反思是“哎呀现代文艺没活啦我写不出更多批评啦我要找新富矿”，但其实无非是他自己无法超克母性敌托邦（这正是本书的决断论的极限）。文艺究竟该被视为自全的文艺整体还是具体深刻的作品群岛本身就是画靶射箭，这也正是东叔叔为他的批评开创的维度的边界。问题在于，现代批评的对象本身恰恰完全就是批评家欲望的增补（而非某种自治的富矿等着儒儒去挖掘），或许并不是文艺没活了而是没活的批评家该图图了。,力荐
37017264,〇〇年代的想象力,宇野常宽,https://img9.doubanio.com/view/subject/s/public/s34976684.jpg,,2024-11,https://book.douban.com/subject/37017264/,4341123761,一只火,原题目用的是ゼロ，翻译过来用的也是同样和惯常语境拉开距离（因而可以审视）的〇。非常有意思的是宇野的思考方法，通过广义文学/艺术内容的思考变化捕捉两种想象力：孕育文化作品的想象力，以及某种年代不断变化的social imaginary。不仅要feel society，更要touch society。By the way，虽然经常在他的论述脉络里跳来跳去（一会没明白，一会不认可，一会惊为天人），但是我觉得北田晓大的内容可能同样具有说服力。,力荐
37017264,〇〇年代的想象力,宇野常宽,https://img9.doubanio.com/view/subject/s/public/s34976684.jpg,,2024-11,https://book.douban.com/subject/37017264/,4429650875,coffee n' tv,虽然有很多闪光点，但宇野本身就挺二元决断主义的。讲述校园婆罗门最好的作品我认为是本书出版后两年的《听说桐岛要退部》。,推荐
37017264,〇〇年代的想象力,宇野常宽,https://img9.doubanio.com/view/subject/s/public/s34976684.jpg,,2024-11,https://book.douban.com/subject/37017264/,4355943437,过路人,00年代也行将结束的今天萌发了新的想象力:“成熟”就是交流，就是与他人并肩携手。生存在与自己截然不同的叙事中，与信任其他超能力者建立关系，才是今天的变身，今天的成熟。\n曾经，变身是自我的强化。但在今天变身是交流——向着与自己不同的某个人，伸出手。,推荐
37017264,〇〇年代的想象力,宇野常宽,https://img9.doubanio.com/view/subject/s/public/s34976684.jpg,,2024-11,https://book.douban.com/subject/37017264/,4352373875,里相玉,宇野常宽在东浩纪之上续写的补丁，宏大叙事消退后将迎来资料库诸圈层的大型\n游戏。就方法来说，尽管并不欣赏这种命名时代精神再挑选论据的做法，但论述本身还是眼光独到且有说服力的(回想起年少时的追番时光确实是因为死笔和圣杯战争等的出现风气为之一变）后面说元玩家想改变的是游戏规则这点也有意思，因为这本书里一直在提系统架构层这种控制论意味浓厚的词。虽说是回归叙事想象力的一作，但有些时候真怀疑宇野到底信不信其力量，毕竟谁看电脑线圈是从家长的角度看的啊(新教养主义），错过孩童的视点我觉得可能真的会被未来的想象抛弃哦，如果以今年《恶魔的破坏》为例，它把世界系到决断主义再到超克决断主义的理路走了个遍，未来是在一种对伦理的希望之中。,推荐
37017264,〇〇年代的想象力,宇野常宽,https://img9.doubanio.com/view/subject/s/public/s34976684.jpg,,2024-11,https://book.douban.com/subject/37017264/,4352099175,后商,“九五年思想”转”世界系“，宇野常寛的洞见，很能令我脱亚入欧诶！,力荐
37017264,〇〇年代的想象力,宇野常宽,https://img9.doubanio.com/view/subject/s/public/s34976684.jpg,,2024-11,https://book.douban.com/subject/37017264/,4380281493,死而生而新,家里蹲，御宅屋，宅男腐女，腐女，我，incel，油管评论，恐怖分子，阿尔法男性，体育生，小镇做题家，nerd，小粉红，精神小伙\n碇真嗣，eva，自恋\n太自恋了，性的打压，曾老爹说过,No rating
37017264,〇〇年代的想象力,宇野常宽,https://img9.doubanio.com/view/subject/s/public/s34976684.jpg,,2024-11,https://book.douban.com/subject/37017264/,4347377642,横转中子星,对于亚文化的研究我们能够发现一些群体关系的重构。当代社会信息与潮流的传递更加迅速，很多人也崇拜沉溺于其中的快感。当今互联网上亚文化的身影愈加丰富，其实都是网络化时代（传播速度极具加快）与个人媒体发展（有了主动权）的结果。只要你愿意，你可以在互联网上塑造自己的形象，传播自己的想法。纵观这种变化，和涂尔干在《乱伦禁忌及其起源》中讲述的群体分化与图腾崇拜有着相同的因素，网络上有你喜欢的idol、动漫与等等其他事物，你对于他们有一种“信仰”，这种外化的形式就是为了其而进入消费主义（鲍曼：购买自己并不需要的东西，仅仅为了快感），就是从原有的喜欢进入一种“图腾”，进而在主文化人的眼中形成亚文化。与此同时，需要注意到的是亚文化与主文化只是认识的范围，具体的优劣也需要根据实际情况来进行判断。,推荐
37017264,〇〇年代的想象力,宇野常宽,https://img9.doubanio.com/view/subject/s/public/s34976684.jpg,,2024-11,https://book.douban.com/subject/37017264/,4450553427,新鲜海捕鱿鱼,我很难不想象假使作者当权，恐怕是要否定“十七岁文艺”，实行一种日常现实主义文艺路线的：必须表现日常的价值；更重要的是主角必须直接地接受这一点，而不能对日常有“日式怨恨”；角色必须积极参与创造跨-共同体羁绊，不能消极等待价值的自动赋予；同时角色塑造必须现实，不能是萌元素的拼贴，等等。总之各路魔怔人的ACG批判也大概都是这样专断，给他们一个安全假想敌的不仅是世界系论，更是反俄狄浦斯论。作者说的超越00年代，就其现实性来说是回到后-60年代，类似于科耶夫和巴特的那种去意义化的日本想象。“带有疑似同性恋特点的友情所支持的多人共同体”带有典型的战后西洋幻想的特点，无关、无用、来临中的共同体，其现实基础是带有同性恋色彩的男学者共同体；就其内容来说当然是超越所有年代的历史终结论，绝对的、最后的总体动员。,很差
37017264,〇〇年代的想象力,宇野常宽,https://img9.doubanio.com/view/subject/s/public/s34976684.jpg,,2024-11,https://book.douban.com/subject/37017264/,4347213458,SFLSNZYN,「预言」了小圈子抱团取暖的后现代交流状况和新海诚的转向，也是二次元文化研究的典范。宇野告诉我们动漫作品应该「怎么看」——虽然这种「阅读/观看方法」并不像宇野说的那样唯一，但至少比单纯在作品内部漫游更有趣。,力荐
37017264,〇〇年代的想象力,宇野常宽,https://img9.doubanio.com/view/subject/s/public/s34976684.jpg,,2024-11,https://book.douban.com/subject/37017264/,4361692922,石景山村,挺絮叨，但是有真知灼见。这个时代能克服决断主义的大逃杀吗？,力荐
37017264,〇〇年代的想象力,宇野常宽,https://img9.doubanio.com/view/subject/s/public/s34976684.jpg,,2024-11,https://book.douban.com/subject/37017264/,4311980498,金鱼池的风,明天“是虽然差不多，但却完全不同的一天。”202492,力荐
37017264,〇〇年代的想象力,宇野常宽,https://img9.doubanio.com/view/subject/s/public/s34976684.jpg,,2024-11,https://book.douban.com/subject/37017264/,4343335940,丹特,“有物却没有物语的时代”，无人关心碇真嗣在逃避什么，大家有意无意卷入了这场决断主义大逃杀的游戏里，并且都无法逃脱（阻止夜神月）。宇野犀利批判了95年代和东浩纪的观点，对世界系和“安全的疼痛”作品彻底否定，由此引出了00年代的想象力:有自觉性的作者，交出了各自超克宏大叙事业已失效、小叙事林立互斥当下的作品。解答了比如近年来高达机器人动画的逐渐退场，萌系日常、少女乐队番层出不穷……尽管宇野的建议没有他的洞见那么有说服力。\n另外针对高桥留美子和富野由悠季作品而提出的“臃肿的母性敌托邦”这一概念，很有启发。\n当社会不再提供价值和意义，在拥有终结（所以充满可能）的日常里，没办法脱离叙事生存的人们，如何建立起自己的叙事，是最首要的课题。,力荐
37017264,〇〇年代的想象力,宇野常宽,https://img9.doubanio.com/view/subject/s/public/s34976684.jpg,,2024-11,https://book.douban.com/subject/37017264/,4334038867,王小麦,文笔好，连注释都很有启发的那种精彩！,力荐
37017264,〇〇年代的想象力,宇野常宽,https://img9.doubanio.com/view/subject/s/public/s34976684.jpg,,2024-11,https://book.douban.com/subject/37017264/,4329086291,沢啦,2025-01。虽然很多复读和跳脱（暴论）的地方，但不失见地。对批评家来说重要的直感和想象力，以及对具体现象的洞悉，书中都展现出来了。宇野急于驱散的旧时代幽灵甚至只是十年前的，这种跟随能力和锐度的要求放在我们这边恐怕都不能用吹毛求疵来形容，只能说是来自另一片星系。大概我们中的许多人已经对落后与迟钝习以为常，视为条例，甚至引以为傲了吧。,推荐
37017264,〇〇年代的想象力,宇野常宽,https://img9.doubanio.com/view/subject/s/public/s34976684.jpg,,2024-11,https://book.douban.com/subject/37017264/,4371213889,极妄,宇野给人的特别好的启发是既然一个时代的浪潮不可避免地席卷而来，重要的是在接受它中实现跨越，而不是持有一种保守的拒而远之的态度无视这种跨时代的变化。,力荐
37017264,〇〇年代的想象力,宇野常宽,https://img9.doubanio.com/view/subject/s/public/s34976684.jpg,,2024-11,https://book.douban.com/subject/37017264/,4421684461,姜大星ginger,因为莫名被千禧年日本的一切吸引于是读了这本书，然后又很自然地被书和千禧年日本迷住，同时也搞清楚了为什么。感恩！\n因为用最好懂的名词和通俗作品作为例子，读起来除了某些长难句需要反复读，整体还是很顺畅，讲明白了俺们爱瞎看、有点敏锐但没啥文化（？）的人隐隐感觉到但说不清楚的东西。尤其喜欢宇野对世界系那种基于强奸幻想和女性歧视的自恋态度的犀利批判。\n另外，很令人震撼的是，日本 00 年代的想象力竟然和 20 年代中国的现实完美契合，同时也依然影响着这个世界。社交网络占据着甚至指导着生活，大逃杀依然是正在进行时。但是，宇野本人的态度和作品给人的启发就如最后一章所说，接受无法改变的，改变能够改变的，这才是我们在这个时代创作/批评的态度。不要放弃彼此的交流和日常的浪漫啊！\n（真的被安利了太多剧小说动漫…）,力荐
37017264,〇〇年代的想象力,宇野常宽,https://img9.doubanio.com/view/subject/s/public/s34976684.jpg,,2024-11,https://book.douban.com/subject/37017264/,4350277688,yuki,书里提到的作品真是个个都是老熟人，一下子仿佛年轻了二十岁。这本书最有意思的部分大概还是对二次元作品内核变迁的思考，从“做什么”的宏大叙事到“是什么”的自我身份认同，从eva的自闭家里蹲到大逃杀的被迫求生，再到《死亡笔记》的主动制订新规则和宝可梦、《赌博默示录》的卡牌/规则游戏；虽然说这样划分可能会显得粗暴，但确实也能从中实实在在地看出人们在不断转变如何应对世界的策略。以及虽然作者用了很多术语，但要讲的东西并不深奥，分析具体作品的部分会更有趣。,力荐
37017264,〇〇年代的想象力,宇野常宽,https://img9.doubanio.com/view/subject/s/public/s34976684.jpg,,2024-11,https://book.douban.com/subject/37017264/,4416968228,面对罚点球时,补标民译版受益匪浅,力荐
37017264,〇〇年代的想象力,宇野常宽,https://img9.doubanio.com/view/subject/s/public/s34976684.jpg,,2024-11,https://book.douban.com/subject/37017264/,4338699946,39℃,大受启发，许多见解乍看特立独行，实则能用于解读许多现实问题，目前读过的启发性最强的日本亚文化论,力荐
37017264,〇〇年代的想象力,宇野常宽,https://img9.doubanio.com/view/subject/s/public/s34976684.jpg,,2024-11,https://book.douban.com/subject/37017264/,4360867314,恶鸟,一个人处于怎样的位置（宏大叙事中，多元化小叙事中，躺平家里蹲、还是缓冲共同体孤岛主义），就等于他在生活中怎样度过他的时间，而这又决定了他的身体和精神是怎样存在，即人如何在时代里安身立命。,推荐
37017264,〇〇年代的想象力,宇野常宽,https://img9.doubanio.com/view/subject/s/public/s34976684.jpg,,2024-11,https://book.douban.com/subject/37017264/,4329330900,流星之箭,过去的想象力：家里蹲，不行动；新的想象力：为了活下去而强行选择；所谓象征界可以理解为社会历史国家；小叙事强化角色而非角色超越小叙事；八十年代不自由却温暖，九十年代自由却冰冷；新世纪福音战士电视版退回内心，剧场版摸索交流；世界系：你和我之间只有世界危机，占有全面肯定自我的女性形象；从龙珠圣斗士的淘汰晋级到荒木飞吕彦的卡牌游戏，从金字塔到大逃杀；乡愁的权利；高桥留美子的母性暴力，作为主题乐园的母性敌托邦；校园是岛宇宙化时代为数不多的共同体；不放弃交流，以设计主义超越决断主义，为了祝福时代，为了葬送时代。空气系不存在高墙，仅存鸡蛋。,力荐
37017264,〇〇年代的想象力,宇野常宽,https://img9.doubanio.com/view/subject/s/public/s34976684.jpg,,2024-11,https://book.douban.com/subject/37017264/,4286647608,栗臀䴓,洞察力过人。\n这个决断主义倒是让我联想到网文圈的杀伐流，这玩意儿十年演变，到如今已经变成仇不过页的程度了。男主执行力但凡弱上一点，订阅量必将迎来暴死。越来越多的读者需要虚构的果决来缓解现实无力带来的焦虑，就会有越来越多极端演绎出现在文化作品里。连现实中的暴力事件，也开始被称颂。,推荐
37017264,〇〇年代的想象力,宇野常宽,https://img9.doubanio.com/view/subject/s/public/s34976684.jpg,,2024-11,https://book.douban.com/subject/37017264/,4415212288,阿梦,宇野常宽把东浩纪当靶子打，即要靠东浩纪的评论建立自己的内容，又要靠拉踩东浩纪来抬高自己的眼界。东浩纪的评论是开放的，其评论的重心放在了对于文化现象的探究；宇野常宽的评论是二元论的，给人的感觉是急于为自己树立起权威地位。宇野常宽反反复复谈及【人们不再将“做什么/做了什么”（行动）与身份认同相联结（交流），而是将“是什么/不是什么”，更进一步说就是将“自身缺失什么”（设定）与身份认同相联结（角色）。】说的那么高大上，还不是国民经济决定国民风貌。经济好的时候，国民相信努力就能飞黄腾达；经济差的时候，国民自知有的人出生在罗马，有的人生来是牛马。宇野常宽的评论大而笼统，即没有专注于某一垂直领域，又没有深挖文本的精神内核，读得我觉得是在浪费时间。,还行
37017264,〇〇年代的想象力,宇野常宽,https://img9.doubanio.com/view/subject/s/public/s34976684.jpg,,2024-11,https://book.douban.com/subject/37017264/,4336875926,Aya_010,总算是过年前啃完了。其实内容应该就值个三星半，不过宇野中二的气质和金句频出属实看得很乐。比起正篇其实后面的访谈或许会更有价值，能够看到宇野自我反思的意识(虽然也不多)，以及依旧中二的气质)\n正篇内容突出一个什么东浩纪宫台真司都是fw，这个世界应该由我来修正(bushi 在结合对众多形式作品的批评中摸索出自以为作为90年代的超越的路子，不过还是比较散，很难真的集中到一块以至于缺乏些力度，所以虽然挺喜欢宇野这种气质，不过还是看看就好)\n顺便一提，按照国内出版时间，简中读者几乎能够在看完动物化后无缝衔接宇野暴打东哥也不失为一件乐事(笑),力荐
37017264,〇〇年代的想象力,宇野常宽,https://img9.doubanio.com/view/subject/s/public/s34976684.jpg,,2024-11,https://book.douban.com/subject/37017264/,4286258610,卯毛,跟《动物化的后现代》通俗并高度理论化的描述不同，虽然宇野常宽在书里列举了大量影视文学作品来服务观点阐释，但还是感觉有些太不精炼了，有几章看着是车轱辘话来回倒腾，不过总体基调还是更人文关怀、更积极激进的。有些概念非常有意思，比如“文化系男性沙文主义”、“母性敌托邦”等，还说假面骑士空我是“一个对战斗的虚无抱有自觉的终极超人”。文中反复强调“人无法回避叙事（意义）”我很受触动，不管怎样人还是要尽力从幻象中醒过来，面对残酷但更自由包容的真实。还有，希望《母性敌托邦》这本也能早日引进！,推荐
37017264,〇〇年代的想象力,宇野常宽,https://img9.doubanio.com/view/subject/s/public/s34976684.jpg,,2024-11,https://book.douban.com/subject/37017264/,4374805014,elegant li,有启发，但车轱辘话翻来覆去的说，读到后面难免不耐烦,还行
37017264,〇〇年代的想象力,宇野常宽,https://img9.doubanio.com/view/subject/s/public/s34976684.jpg,,2024-11,https://book.douban.com/subject/37017264/,4349307945,電気ブランデー,国外的文化研究比较严肃的原因在于，他们真能够讨论从是什么为什么到怎么办。怎样消除角色性存在带来的她者回避，以及他者回避孕育出的暴力。虽然对很多分析的案例都不熟悉，但我基本认可作者指向的方向：不能只停留在相同价值观的碎片岛屿，简单地分割敌我，而要伸出手去触碰不同的他人，由个人从日常中筹备那些世界已经不会给予我们的超越性的意义和价值。,推荐
37017264,〇〇年代的想象力,宇野常宽,https://img9.doubanio.com/view/subject/s/public/s34976684.jpg,,2024-11,https://book.douban.com/subject/37017264/,4391167866,Vinland,95后eva 碇真嗣 心理主义 家里蹲 尼采式末人 滑向世界系；00后 死亡笔记 夜神月 决断主义 大逃杀 捍卫自己的小叙事 幸存系。 框架很清晰，对作品的分析有简化之嫌。\n比较有意思的概念是母性的敌托邦（高桥留美子）,还行
37017264,〇〇年代的想象力,宇野常宽,https://img9.doubanio.com/view/subject/s/public/s34976684.jpg,,2024-11,https://book.douban.com/subject/37017264/,4345294545,鯨波,这本书对日本流行文化还是有点门槛的,力荐
37017264,〇〇年代的想象力,宇野常宽,https://img9.doubanio.com/view/subject/s/public/s34976684.jpg,,2024-11,https://book.douban.com/subject/37017264/,4389325239,莓谷鈴鈴河,受困于冬之箱庭被世界丢弃的第三十年，终选择流着眼泪握紧宇野这尊新的泡沫塑料湿婆神，仅此一秒让这瞬间化为永恒吧。,力荐
37017264,〇〇年代的想象力,宇野常宽,https://img9.doubanio.com/view/subject/s/public/s34976684.jpg,,2024-11,https://book.douban.com/subject/37017264/,4358783520,别格莫特,作为很少读文化研究类书籍的伪二次元读得津津有味茅塞顿开，换了个新角度重新看待EVA等等作品，果然作品都是时代的产物啊…读的过程中还想说作者怎么没举last friends的例子，在结尾处果然看到了，愉快。读到最后发现作者担心和倡导的……其实是跟韩炳哲类似的东西吧？还是说这就是学界公认的时代症结了？有趣，有收获。,推荐
37017264,〇〇年代的想象力,宇野常宽,https://img9.doubanio.com/view/subject/s/public/s34976684.jpg,,2024-11,https://book.douban.com/subject/37017264/,4386635776,bravado,有启发，同时觉得这种概括异常危险。非常具有排他性，将时代精神的复杂面向单一化，同样以一种决断主义的方式进行论述。,推荐
37017264,〇〇年代的想象力,宇野常宽,https://img9.doubanio.com/view/subject/s/public/s34976684.jpg,,2024-11,https://book.douban.com/subject/37017264/,4357473565,十六,品味比宅度爆表的东浩纪好太多。作品论方面写得真挺好，只是过于追求文本上升精神，不少观点和文本的联系论证不是很让人信服，决断主义的转变和形成仿佛一句话就给盖章了。,还行
37017264,〇〇年代的想象力,宇野常宽,https://img9.doubanio.com/view/subject/s/public/s34976684.jpg,,2024-11,https://book.douban.com/subject/37017264/,4399989342,加我QQ,从御宅族、决断主义到郊区共同体、母性敌托邦，广泛吸纳既往社会学理论发明，不管三七二十一大胆地迈步向前走，许多〇〇年代批评的想象力也在此被框定。如果非要在东先生和宇野里二选一，那还是后者吧。,推荐
37017264,〇〇年代的想象力,宇野常宽,https://img9.doubanio.com/view/subject/s/public/s34976684.jpg,,2024-11,https://book.douban.com/subject/37017264/,4443432540,阿西,翻来覆去的拽词ai式写作，强行试图去概括出什么，但自己思路反而被他自己想要概括的东西限制住了，很多搞流行文化研究的通病,较差
37017264,〇〇年代的想象力,宇野常宽,https://img9.doubanio.com/view/subject/s/public/s34976684.jpg,,2024-11,https://book.douban.com/subject/37017264/,4407915952,西,全书只有推荐语最当下……,No rating
37017264,〇〇年代的想象力,宇野常宽,https://img9.doubanio.com/view/subject/s/public/s34976684.jpg,,2024-11,https://book.douban.com/subject/37017264/,4464355876,Pam,看过引进动画的，享受过快速便捷互联网服务的乐观一代，相信自己正走在“探索真理的道路”上去往“光明而富足的未来”，直到现实泡沫崩溃……基于熟悉而充满回忆的作品进行分析，让对照充分展开。,推荐
37017264,〇〇年代的想象力,宇野常宽,https://img9.doubanio.com/view/subject/s/public/s34976684.jpg,,2024-11,https://book.douban.com/subject/37017264/,4472332201,若漫,预设虚构只是特定时空社会意识的反映，批评家的伟大使命则是在作为容器的虚构中提取出被框定的想象力。奠基在对这层转译的确信上，作者得以在扶手椅上轻松又自信地做出社会与时代诊断（而不用去细致考察意识、文本与社会间复杂的交互关系），进而为满足这一连贯时代叙事的需要对虚构进行筛选（素材选的也很局限）、肢解。在这闭环的叙事中虚构只是外部时代精神的表象，作者可以跨越不同媒介类型对各作者作品肆意评判，傲慢地裁决其本质所在。关于决断主义成立的背景，作者只是不加反思地复读几句利奥塔911后就思维停滞了，但决断主义在20c的观念史与灾难史中不就曾以不同面目反复出现吗？在大叙事终结的论述前提下，作者呈现的反而是一种有终极意义并遮蔽很多视野的宏大叙事，专断且自恋，这或许就是在学术场大逃杀竞技中确立位置另立山头的决断吧,很差
37017264,〇〇年代的想象力,宇野常宽,https://img9.doubanio.com/view/subject/s/public/s34976684.jpg,,2024-11,https://book.douban.com/subject/37017264/,4343328764,豆友40755424,08年的日本，（1）时代主题判读，从碇真嗣到夜神月，“世界系→决断主义”。（2）出路，横向关系-元空气系（郊区共同体/决断者自我反思/轻柔连接与无限扩展）。前者武断，后者幼稚，“超克”更像是都市主义的自娱自乐。但问题不在于判读是否准确，而在于反照与启发灵感，或许文化批评只能是在有限视域-片面洞见之间的循环论证。如果将时序化的四个阶段（宏大叙事/多元文化小叙事/自伤心理主义/敌我斗争与决断主义）类型化为思维与情感的四种层次，再在其下安置现实与虚拟之间互相影响的生活之流，大概能开辟出一些新的想法吧。,推荐
37017264,〇〇年代的想象力,宇野常宽,https://img9.doubanio.com/view/subject/s/public/s34976684.jpg,,2024-11,https://book.douban.com/subject/37017264/,4326134813,CorvCalcaneus,很爱看贯穿始终的对世界系和东浩纪的批判，但是后续的作品分析有的get不到，由永无止境的日常迈向终结的日常，身处这个世界的我们该如何做的方法论不够清晰,推荐
37017264,〇〇年代的想象力,宇野常宽,https://img9.doubanio.com/view/subject/s/public/s34976684.jpg,,2024-11,https://book.douban.com/subject/37017264/,4350480908,我是喵叔,翻阅，提到的很多动漫和电影都没看过，无法评价。但对我来说，90到00年代是最美好的成长年代，也是日本、港台流行文化的黄金时代。,推荐
37017264,〇〇年代的想象力,宇野常宽,https://img9.doubanio.com/view/subject/s/public/s34976684.jpg,,2024-11,https://book.douban.com/subject/37017264/,4375220374,Encdes,传奇亚文化解读批判，不过反复出现的内容有点多,No rating
37017264,〇〇年代的想象力,宇野常宽,https://img9.doubanio.com/view/subject/s/public/s34976684.jpg,,2024-11,https://book.douban.com/subject/37017264/,4343912797,momo,作者在20年前能有这种想法真的很厉害啊,力荐
37017264,〇〇年代的想象力,宇野常宽,https://img9.doubanio.com/view/subject/s/public/s34976684.jpg,,2024-11,https://book.douban.com/subject/37017264/,4343252277,YComic,好的议题，好的结论，论述一般不过决断主义之下没有关系。 国内有没有人写写网文的想象力流变，想看,No rating
37017264,〇〇年代的想象力,宇野常宽,https://img9.doubanio.com/view/subject/s/public/s34976684.jpg,,2024-11,https://book.douban.com/subject/37017264/,4321238495,马戏团🎪,有趣的书，因为能发现一些过去日本社会的状态对应到了我们的现在，比如日本90年代后期，年轻人对“社会性自我实现”丧失了信任，因为觉得社会是错的，所以不参与进来，并且例举了EVA作为相应的时代作品。接下来又迎来躺平年代。都很像现在中国在经历的状况。主要还是作者基本都结合同时代影视作品来进行分析，让这个阅读过程很有趣味。最后一章说了日剧《最后的朋友》，她们逃避了传统的占有欲陷阱，进入了一个灰色、柔软的暧昧关系，她们不安，但也想迈出去试试看。喜欢这个解读。,推荐
37017264,〇〇年代的想象力,宇野常宽,https://img9.doubanio.com/view/subject/s/public/s34976684.jpg,,2024-11,https://book.douban.com/subject/37017264/,4364518007,甜美的冷漠回旋,看动漫时你以为你看的仅仅是精彩绝伦的剧情和魅力十足的角色，但实则这背后隐藏着和创作年代息息相关的社会、经济发展因素，而这些因素又深深影响每个个体的心理状态。\n\n  一部好的艺术作品能大获反响并且影响深远，一定不是凭着单薄肤浅的纯剧情走向，而是灵敏结合了当下社会生存状况，直达人们内心深层情感需求。只有与个体深刻链接的事物，才会经过岁月洗礼还闪闪发光。通过这本书，读者会从本来自己面对动漫作品的的微观视角拉远变成宏观，不仅看见自己，更是看见时代的变迁与沉浮。而在不停变迁的同时又总有些内心需求是不变的（因为阅读时有段文字显示的背景是90年代后期，但我却读出了现当今的共情）这其中很值得我们细品味哟。,推荐
37017264,〇〇年代的想象力,宇野常宽,https://img9.doubanio.com/view/subject/s/public/s34976684.jpg,,2024-11,https://book.douban.com/subject/37017264/,4364738460,逝者如斯,好讚，馬克阿瑟說日本是十二歲少年，於是各種文學都在重複著母性和父性之間的糾葛，想想漫畫的本質思想，貌似還真如作者所言。但看看tg的宣傳，我們貌似也只到eva之前的水準。,力荐
37017264,〇〇年代的想象力,宇野常宽,https://img9.doubanio.com/view/subject/s/public/s34976684.jpg,,2024-11,https://book.douban.com/subject/37017264/,4289615186,果核,通读下来还是有启发性的。关于决断主义的部分判定分析好像是在先下定义再找案例配套，零零年代自《EVA》的碇真嗣心理主义的“行动就会伤害别人”到《死亡笔记》的夜神月自主决断主义式的大逃杀模式，以此为据点通过中间共同体、在日常重建价值方式、群像叙述等讨论对抗决断主义的可能性。他还指出母性重力对战后亚文化的强大影响力，并守护着男性沙文主义。一个点横向串起了日本亚文化各领域的优秀作品，人无法脱离叙事。对于经典动画作品的分析角度也是鞭辟入里，学到很多。但是宇野常宽还是没有具体阐述小泉、911、奥姆神教、互联网等对后现代人的波动影响，文本缺乏最有力的。,推荐
